sales_sk,transaction_id,customer_sk,product_sk,promotion_sk,date_sk,transaction_date,quantity,unit_price,discount_applied
56,1482550,2535,,388,20230114,2023-01-14,5,69.21,0.5
72,1756072,2457,,322,,,1,84.22,0.37
73,1758292,3022,,294,20220804,2022-08-04,8,278.05,0.29
118,215935,2234,256,61,20200713,2020-07-13,8,492,0.3
121,2184682,2428,,139,20220906,2022-09-06,7,800.17,0.16
127,226330,2237,920,709,20201015,2020-10-15,1,757.48,0
133,2340960,2703,,131,20221021,2022-10-21,10,762.24,0.05
150,2471154,2979,,810,20220523,2022-05-23,3,594.59,0.3
156,250548,2675,367,56,20210430,2021-04-30,6,520.44,0.15
158,251460,2532,396,791,20210101,2021-01-01,3,269.35,0.34
169,262999,2373,797,710,20201008,2020-10-08,8,173.79,0.11
173,267186,2463,806,395,20200102,2020-01-02,9,363.53,0.14
225,310093,2506,810,304,20200930,2020-09-30,2,354.25,0.13
228,31286,2410,336,447,20210908,2021-09-08,9,250.45,0.13
236,32060,2362,139,221,20200629,2020-06-29,4,403.26,0.49
238,3221143,2172,,690,20220818,2022-08-18,3,197.88,0
244,3285180,2473,,56,20221214,2022-12-14,10,0,0.32
257,34514,2436,273,616,20200111,2020-01-11,6,146.35,0.1
271,354607,2367,522,520,20211008,2021-10-08,3,919.27,0.07
281,3691813,2512,,821,20221102,2022-11-02,6,657.81,0.4
282,3697864,3136,,839,20230210,2023-02-10,2,552.1,0.35
301,383028,2392,197,513,20200209,2020-02-09,1,788.14,0.21
357,433382,2197,918,257,20201028,2020-10-28,5,367.28,0.39
360,435739,2268,135,89,20201122,2020-11-22,8,885.17,0.41
362,435937,2175,991,355,20201009,2020-10-09,4,272,0.23
379,4545967,2907,,561,20220428,2022-04-28,2,91.29,0.4
384,4578369,2757,,481,20230914,2023-09-14,9,108.41,0.22
386,4623062,2795,,368,,,3,174.78,0.3
404,4792538,2591,,4,20220509,2022-05-09,1,625.07,0.07
415,4925699,2598,,619,20231028,2023-10-28,5,217.2,0
423,4948177,2492,,97,20231219,2023-12-19,7,458.79,0.19
447,5092808,2988,,859,20230224,2023-02-24,3,196.41,0.29
477,5313219,3068,,639,20220329,2022-03-29,7,938.43,0.03
478,5322740,2912,,211,20220930,2022-09-30,6,389.58,0.37
490,5457621,2233,,64,20220329,2022-03-29,6,817.24,0.13
496,551630,2281,136,130,20210409,2021-04-09,5,743.48,0.35
512,56139,2348,728,651,20211008,2021-10-08,9,41.84,0.05
516,562960,2570,592,444,20210125,2021-01-25,7,869.3,0.01
521,5662403,2958,,804,20220119,2022-01-19,8,427.8,0
553,592610,2576,1008,356,20210511,2021-05-11,8,971.07,0.04
596,6267457,2784,,652,20230525,2023-05-25,5,535.41,0.35
641,6664145,2579,,538,20221216,2022-12-16,8,282.92,0.17
658,6853927,2471,,250,20230927,2023-09-27,1,468.87,0.37
660,687883,2556,463,232,20210827,2021-08-27,3,439.92,0.19
661,6895383,2451,,793,20231120,2023-11-20,10,454.36,0.35
682,7072004,2566,,56,20230717,2023-07-17,2,324.73,0.23
706,7264816,2506,,281,20220920,2022-09-20,6,411.36,0.27
718,7335783,2600,,810,20230307,2023-03-07,8,953.56,0.35
744,7600665,3040,,848,20221223,2022-12-23,4,109.78,0.25
749,7639370,2928,,350,20230217,2023-02-17,1,0,0.49
777,791474,2248,443,648,20200225,2020-02-25,5,198.41,0.04
811,826542,2480,143,638,20210825,2021-08-25,7,139.63,0.47
825,8368290,2271,,800,20220515,2022-05-15,3,829.05,0.42
843,8491108,3030,,164,20231110,2023-11-10,3,537.88,0.12
870,877098,2306,518,330,20200620,2020-06-20,2,304.64,0.44
894,89954,2535,462,120,20211002,2021-10-02,6,72.97,0.44
898,903423,2215,376,557,20211125,2021-11-25,1,134.72,0.37
914,918552,2567,401,624,20201105,2020-11-05,5,739.52,0.36
929,927692,2165,502,146,20211013,2021-10-13,4,192.98,0
946,9459028,2517,,495,20230113,2023-01-13,4,690.64,0
985,988300,2230,67,415,20200326,2020-03-26,7,634.59,0.19
992,9935424,2852,,592,20230708,2023-07-08,9,235.76,0.38
996,9973800,3082,,754,20220326,2022-03-26,2,434.36,0.27
1005,9980439,2391,,46,20221006,2022-10-06,4,572.75,0.05
1006,9980440,2616,466,158,20220701,2022-07-01,8,420.63,0.26
1030,9980464,2683,,438,20220226,2022-02-26,8,795.54,0.4
1031,9980465,2166,,675,20230718,2023-07-18,4,783.07,0.2
1033,9980467,2937,,60,20220116,2022-01-16,10,974.98,0.46
1060,9980494,2988,,670,20230930,2023-09-30,1,958.23,0
1065,9980499,2218,,587,20221018,2022-10-18,6,210.12,0.25
1072,9980506,2500,,749,20230629,2023-06-29,5,626.9,0.26
1093,9980527,2258,,855,20230321,2023-03-21,6,471.41,0.25
1108,9980542,2304,,410,,,5,595.67,0.49
1110,9980544,2411,,376,20220604,2022-06-04,1,707.83,0.48
1120,9980554,2751,,7,20221223,2022-12-23,9,484.72,0.04
1129,9980563,2729,,71,20221018,2022-10-18,10,460.08,0
1134,9980568,2942,,460,20221104,2022-11-04,3,842.6,0
1138,9980572,2381,,821,20230913,2023-09-13,10,830.86,0.37
1163,9980597,2323,,432,20220116,2022-01-16,6,949.71,0.03
1179,9980613,2708,,743,20230501,2023-05-01,7,902.77,0.06
1194,9980628,3021,,455,20230212,2023-02-12,4,818.61,0.06
1205,9980639,2658,,198,20220109,2022-01-09,6,484.88,0.18
1223,9980657,2929,,553,20230816,2023-08-16,9,120.42,0.07
1238,9980672,2962,,653,20220922,2022-09-22,7,0,0.09
1276,9980710,2527,,813,20220927,2022-09-27,1,937.12,0.29
1290,9980724,2618,,833,20230909,2023-09-09,7,879.94,0.2
1324,9980758,3127,,260,20220210,2022-02-10,6,404.28,0.18
1362,9980796,2680,,384,20230129,2023-01-29,5,509.91,0.09
1417,9980851,2741,182,75,20220417,2022-04-17,9,522.63,0.2
1426,9980860,2828,,518,20220727,2022-07-27,7,149.74,0.5
1437,9980871,2699,,430,20230709,2023-07-09,1,763.92,0.48
1440,9980874,2869,,121,20221016,2022-10-16,3,899.2,0.12
1457,9980891,2838,,223,20231216,2023-12-16,3,496.25,0.06
1462,9980896,3041,,106,20220305,2022-03-05,1,364.02,0.25
1467,9980901,2343,,804,20221125,2022-11-25,6,367.15,0.37
1494,9980928,2709,,251,20230902,2023-09-02,10,355.82,0.37
1544,9980978,2334,,580,20231226,2023-12-26,10,520.61,0.5
1547,9980981,2365,,607,20221009,2022-10-09,8,635.2,0.24
1551,9980985,2971,,621,20220313,2022-03-13,2,808.53,0.39
1559,9980993,3012,,192,20231031,2023-10-31,6,482.37,0.24
1586,9981020,2200,,837,20221026,2022-10-26,1,304.96,0.19
1587,9981021,2963,,336,20230116,2023-01-16,3,308.18,0.46
1622,9981056,3078,,290,20220626,2022-06-26,10,47.43,0.29
1632,9981066,2467,,457,20221219,2022-12-19,10,88.52,0.41
1636,9981070,2820,,742,20220327,2022-03-27,2,696.73,0.26
1637,9981071,2908,,642,20230206,2023-02-06,5,566.6,0.42
1641,9981075,3077,,256,20220127,2022-01-27,7,595.64,0.42
1643,9981077,2590,,636,20220408,2022-04-08,10,727.59,0.48
1650,9981084,2721,,346,20220220,2022-02-20,7,669.31,0.15
1660,9981094,2627,,576,20230302,2023-03-02,2,353.55,0.18
1686,9981120,2503,,85,20230810,2023-08-10,4,157.17,0.44
1698,9981132,2161,,620,20221011,2022-10-11,10,433.34,0.01
1711,9981145,2330,,292,20230601,2023-06-01,4,806.22,0.32
1730,9981164,3025,,334,20231101,2023-11-01,6,483.72,0.07
1747,9981181,2865,,828,20230701,2023-07-01,7,809.96,0.16
1749,9981183,3006,,154,20231114,2023-11-14,5,614.31,0.21
1768,9981202,3109,,480,20220425,2022-04-25,6,657.96,0
1774,9981208,2276,,285,20230401,2023-04-01,4,52.51,0.08
1791,9981225,2790,,19,20230312,2023-03-12,8,71.15,0
1848,9981282,2407,910,850,20231022,2023-10-22,10,924.81,0.23
1861,9981295,2281,,132,20230721,2023-07-21,8,322.24,0.09
1870,9981304,2656,,455,20220823,2022-08-23,4,497.79,0.16
1872,9981306,3080,,412,20230407,2023-04-07,8,86.91,0.12
1916,9981350,3041,,10,20220812,2022-08-12,7,431.88,0.16
1927,9981361,2543,,324,20230307,2023-03-07,5,416.16,0.42
1937,9981371,3066,,830,20230113,2023-01-13,2,813.56,0.19
1980,9981414,2584,,317,20220722,2022-07-22,8,45.09,0.35
1982,9981416,2436,,310,20230622,2023-06-22,8,212.32,0.18
1984,9981418,2527,,423,20230829,2023-08-29,10,910.99,0
1987,9981421,2787,,207,20220514,2022-05-14,6,0,0.09
3,1016759,2666,,328,20220929,2022-09-29,5,32.79,0.07
35,131341,2997,63,492,20210413,2021-04-13,2,859.96,0.04
43,14037,2287,779,828,20200228,2020-02-28,4,542.14,0.42
61,161693,2229,995,644,20200715,2020-07-15,3,477.76,0.14
63,1623923,2959,,245,20230201,2023-02-01,2,266.48,0.32
65,164202,2450,595,352,20210828,2021-08-28,9,678.08,0.23
71,17551,2446,528,375,20210122,2021-01-22,4,598,0.08
107,209714,2451,805,519,20200915,2020-09-15,5,348.41,0.36
110,2112410,2247,,234,20220418,2022-04-18,7,423.64,0.11
115,2143931,2565,,565,20230707,2023-07-07,9,38.88,0.48
119,21809,2577,81,663,20211104,2021-11-04,4,509.87,0.44
123,222999,2370,523,341,20200904,2020-09-04,8,739.4,0.44
152,2481434,2493,,218,20220803,2022-08-03,2,280.57,0.32
182,2751048,2723,,274,20231219,2023-12-19,6,542.91,0.36
194,2851389,2707,,168,20230420,2023-04-20,4,244.17,0.06
196,288114,2512,1006,614,20200831,2020-08-31,1,792.99,0.34
201,2903653,2780,,782,20221003,2022-10-03,3,731.2,0.07
212,301633,2853,438,142,20200827,2020-08-27,8,629.13,0.48
214,302109,2353,911,199,20210306,2021-03-06,1,446.15,0.48
215,302383,2484,24,639,20200428,2020-04-28,7,340.55,0.48
217,30566,2159,66,839,20210221,2021-02-21,4,725.8,0.27
234,3190563,2435,,129,,,5,23.35,0.33
251,333702,2908,127,678,20210612,2021-06-12,7,204.16,0.25
252,338878,2431,435,545,20200415,2020-04-15,9,129.03,0.23
266,3504799,2267,529,281,20230729,2023-07-29,3,963.39,0.43
272,355616,2328,15,792,20201008,2020-10-08,9,698.91,0.41
288,374609,2390,592,825,20201218,2020-12-18,2,655.09,0.2
306,3870062,2350,,186,20230324,2023-03-24,1,459.59,0.4
320,4036755,2292,,429,20220519,2022-05-19,5,196.99,0.42
335,413060,2522,938,831,20210821,2021-08-21,8,86.43,0.03
359,4354653,2221,,518,20230309,2023-03-09,4,628.88,0.27
397,470853,2452,450,847,20201005,2020-10-05,8,657.4,0.33
405,479531,2986,3,362,20210508,2021-05-08,2,839.22,0.46
419,4941755,3055,,533,,,8,289.37,0.32
432,5002714,2414,991,3,20230204,2023-02-04,8,987.33,0.35
458,5180492,2411,,46,20230205,2023-02-05,5,0,0.05
462,5228271,2560,17,554,20220425,2022-04-25,6,239.11,0.26
482,535835,2597,365,734,20210702,2021-07-02,4,785.29,0.17
509,560754,2554,276,685,20200610,2020-06-10,1,364.39,0.31
560,5958694,3107,,594,20221204,2022-12-04,8,15.63,0.34
572,606815,2493,934,808,20200226,2020-02-26,7,983.18,0.49
588,620508,2327,923,86,20200423,2020-04-23,6,212.08,0.44
610,6377814,3040,,523,20230314,2023-03-14,3,935.64,0.13
616,6414444,2847,,599,20231031,2023-10-31,3,703.33,0.29
637,6648275,2707,,532,20231111,2023-11-11,6,365.95,0.2
653,6803385,2569,,853,20220418,2022-04-18,1,774.18,0.17
654,6817661,2365,,268,20230716,2023-07-16,10,513.33,0.01
665,6954854,2869,,72,20220602,2022-06-02,4,616.48,0.37
668,6963486,3036,817,814,20230113,2023-01-13,7,645.7,0.09
689,7109820,2840,,349,20230616,2023-06-16,2,61.86,0.02
701,7221664,2614,851,73,20231108,2023-11-08,3,521.08,0.43
708,728457,2490,596,781,20200617,2020-06-17,2,994.61,0.48
720,733939,2218,660,37,20200802,2020-08-02,9,30.05,0.25
730,7491491,2562,,477,20220517,2022-05-17,5,676.61,0.07
760,771560,2462,1004,282,20200323,2020-03-23,8,583.63,0.13
765,7792743,2590,,295,20230106,2023-01-06,8,571.59,0.36
799,818380,2249,788,675,20210902,2021-09-02,3,5.19,0.37
800,820212,2472,866,815,20200917,2020-09-17,4,19.45,0.31
822,8345079,2837,,21,20220419,2022-04-19,2,327.09,0.2
831,8436103,2870,,616,20231109,2023-11-09,7,340.86,0.33
832,8445618,2468,,588,20220828,2022-08-28,2,644.62,0.48
844,8492062,2361,,728,20230919,2023-09-19,8,396.66,0.42
848,8517029,2617,,844,,,8,997.56,0.46
862,8649099,2249,,66,20220128,2022-01-28,8,825.1,0.44
891,897417,2180,578,593,20210402,2021-04-02,2,305.23,0.05
906,9099697,2452,,334,20221019,2022-10-19,9,685.12,0.14
911,914952,2387,249,303,20210817,2021-08-17,5,338.22,0.01
913,918300,2797,250,399,20200628,2020-06-28,1,714.73,0.2
931,930470,2379,446,785,20210920,2021-09-20,8,790.54,0.08
934,9320371,3046,,679,20220320,2022-03-20,8,484.56,0.4
987,9911025,2795,,537,20220213,2022-02-13,10,0,0.23
1052,9980486,2618,,441,20231001,2023-10-01,7,687.75,0.41
1062,9980496,2887,,344,20220929,2022-09-29,9,42.14,0.4
1075,9980509,2396,578,655,20230119,2023-01-19,5,861.33,0
1086,9980520,2800,,386,20230717,2023-07-17,9,928.63,0
1124,9980558,2867,,617,20220703,2022-07-03,10,193.33,0.45
1156,9980590,3050,,38,20221216,2022-12-16,3,694.56,0.07
1161,9980595,2476,,532,20231123,2023-11-23,7,516.88,0.31
1203,9980637,2726,,491,20230201,2023-02-01,10,911.57,0.33
1219,9980653,3040,,466,20230927,2023-09-27,2,429.59,0.01
1245,9980679,3077,,577,20220629,2022-06-29,2,0,0.22
1254,9980688,2783,,480,20230131,2023-01-31,7,863.88,0.26
1259,9980693,2650,,545,20230702,2023-07-02,3,174.88,0.16
1272,9980706,3031,,789,20230704,2023-07-04,8,763.57,0.48
1273,9980707,3047,,721,20220415,2022-04-15,8,271.1,0.25
1281,9980715,2442,,356,20220321,2022-03-21,6,222.66,0.36
1286,9980720,2279,,394,20220331,2022-03-31,7,852.93,0.04
1288,9980722,2733,,78,20230506,2023-05-06,7,191.56,0.15
1292,9980726,2495,,549,20230315,2023-03-15,10,308.76,0.41
1298,9980732,2254,,390,20230227,2023-02-27,6,174.97,0.36
1307,9980741,2782,,132,20221119,2022-11-19,2,691.99,0.43
1342,9980776,3117,,151,20220422,2022-04-22,3,27.51,0
1357,9980791,2647,,697,20231017,2023-10-17,7,678.29,0.1
1375,9980809,2208,8,170,,,8,653.79,0.3
1419,9980853,2904,,42,20231111,2023-11-11,10,403.83,0.17
1436,9980870,2616,,794,20231204,2023-12-04,4,781.38,0.08
1444,9980878,2747,,622,20230308,2023-03-08,7,994.38,0.47
1463,9980897,3041,,311,20221120,2022-11-20,8,858.4,0.33
1475,9980909,2585,,707,20231217,2023-12-17,10,245.45,0.49
1477,9980911,2950,,816,20231010,2023-10-10,2,341.13,0.2
1480,9980914,3060,,520,20221110,2022-11-10,3,677.17,0.24
1481,9980915,2467,,334,20230923,2023-09-23,5,202.75,0.38
1486,9980920,2342,,837,20220328,2022-03-28,1,410.99,0.37
1496,9980930,3080,,290,20221111,2022-11-11,8,897.51,0
1498,9980932,2311,865,769,,,10,442.22,0.25
1528,9980962,2504,8,141,20220307,2022-03-07,4,299.65,0.11
1530,9980964,2964,,832,20230510,2023-05-10,2,171.3,0.38
1567,9981001,2163,,689,20230305,2023-03-05,9,478.11,0.43
1581,9981015,2250,,13,20230520,2023-05-20,8,610.24,0.06
1582,9981016,3030,,165,20230521,2023-05-21,3,808.64,0.15
1596,9981030,2480,,696,20230906,2023-09-06,3,316.26,0.43
1605,9981039,2835,,333,20230402,2023-04-02,3,200.94,0.24
1613,9981047,2211,,423,20220512,2022-05-12,9,422.53,0.08
1619,9981053,2327,,310,20230320,2023-03-20,7,141.97,0.1
1679,9981113,2660,,440,20230203,2023-02-03,3,448.4,0.05
1684,9981118,2806,457,326,20220528,2022-05-28,7,896.83,0.36
1708,9981142,2723,402,323,20230530,2023-05-30,7,705.51,0.41
1734,9981168,2988,780,813,20220301,2022-03-01,2,18.34,0.19
1779,9981213,2792,,465,20220320,2022-03-20,5,901.1,0.44
1813,9981247,2329,,19,20231003,2023-10-03,1,228.79,0.2
1818,9981252,2696,,642,20230301,2023-03-01,10,71.36,0.35
1869,9981303,2735,,35,20230417,2023-04-17,9,276.07,0.21
1873,9981307,2366,,63,20220501,2022-05-01,1,37.66,0.09
1874,9981308,2372,,762,20221130,2022-11-30,10,10.18,0.15
1897,9981331,2845,387,115,20221119,2022-11-19,1,674.41,0.41
1908,9981342,3056,,647,20230903,2023-09-03,7,928.81,0.37
1956,9981390,2334,,652,20230505,2023-05-05,10,628.6,0.09
1958,9981392,2470,,434,20220619,2022-06-19,4,85.66,0.43
1968,9981402,3102,,551,20230510,2023-05-10,5,886.64,0.24
1971,9981405,3012,,453,20221120,2022-11-20,4,570,0.13
1975,9981409,2340,,401,20220602,2022-06-02,7,138.86,0.17
1989,9981423,2294,,859,20220908,2022-09-08,3,61.7,0.26
50,1449917,2243,,206,20231105,2023-11-05,1,358.07,0.44
69,1732099,2216,,83,20220527,2022-05-27,6,129.76,0.12
89,1890375,2616,,300,20221010,2022-10-10,8,787.23,0.21
111,2114145,3130,,320,20230220,2023-02-20,3,745.31,0.5
126,2261923,2460,,788,20230330,2023-03-30,9,257.38,0.46
160,253202,2368,668,763,20210609,2021-06-09,4,620.24,0.08
178,269456,2461,864,632,20200214,2020-02-14,4,637.81,0.41
190,279000,2378,385,312,20200308,2020-03-08,8,279.34,0.2
276,3603830,2780,,722,20230705,2023-07-05,9,459.19,0.43
279,3671760,3046,,706,20230907,2023-09-07,3,540.06,0.43
294,3789648,2724,,864,20220905,2022-09-05,5,763.94,0.19
299,3822736,2666,,187,20220518,2022-05-18,9,879.75,0.28
333,4107873,3078,,398,20221105,2022-11-05,9,782.34,0.25
337,4151019,2166,,435,20230514,2023-05-14,9,770.98,0.28
388,463311,2742,715,102,20210414,2021-04-14,7,656.4,0.34
389,463807,2262,848,842,20200201,2020-02-01,1,832.98,0.11
407,4816711,2610,,72,20220929,2022-09-29,8,588.01,0.45
416,49296,2191,440,724,20200404,2020-04-04,8,132.28,0.17
425,495047,2423,730,42,20201214,2020-12-14,2,86.94,0.4
430,4997910,2810,,59,20230222,2023-02-22,9,407.77,0.22
434,5018613,2699,,800,20220212,2022-02-12,2,613.84,0.04
435,501872,2250,723,648,20210502,2021-05-02,9,333.78,0.2
442,5072,2394,798,452,20211018,2021-10-18,6,600.71,0.25
445,509005,2263,849,537,20210201,2021-02-01,5,780.72,0.24
449,5107408,3114,,126,20230315,2023-03-15,4,701.04,0.3
456,5165249,3012,,637,20230101,2023-01-01,2,466.28,0.18
457,5168353,2712,,227,20220816,2022-08-16,3,74.21,0.35
459,518140,2162,658,629,20210908,2021-09-08,2,100.26,0.12
466,5251502,2902,,291,20230122,2023-01-22,9,908.39,0.47
469,526024,2497,395,480,20200709,2020-07-09,1,51.95,0.38
481,5357321,2598,,374,20221130,2022-11-30,1,383.62,0.38
502,5548401,2341,,528,20220928,2022-09-28,5,206.37,0.3
506,558959,2207,846,450,20200306,2020-03-06,6,349.41,0.18
557,5944245,2882,,56,20231127,2023-11-27,5,742.19,0.05
568,6003581,2353,724,274,,,6,655.59,0.35
602,630827,2555,738,15,20200609,2020-06-09,9,305.66,0.22
604,631876,2245,442,652,20211119,2021-11-19,1,275.12,0.27
618,6448375,2635,,693,20231219,2023-12-19,5,478.07,0.35
628,652672,2496,457,106,20210816,2021-08-16,7,867.71,0.05
677,7018671,2635,,504,,,6,809.01,0.34
696,7184524,3116,,658,20220422,2022-04-22,10,411.2,0.26
700,720448,2273,69,211,20210917,2021-09-17,8,393.25,0.26
729,7489346,2932,,830,20231030,2023-10-30,9,528.36,0.3
748,763646,2488,456,838,20200613,2020-06-13,9,122.86,0.18
773,788407,2531,913,158,20210919,2021-09-19,8,175.74,0.3
776,7913095,2263,,691,20230625,2023-06-25,5,864.73,0.24
809,826235,2931,371,271,20210604,2021-06-04,2,565.83,0.11
816,8315177,2444,,72,20230817,2023-08-17,1,596.98,0.3
835,846563,2528,599,693,20210214,2021-02-14,3,388.22,0.45
841,8483670,2314,,792,20221216,2022-12-16,6,539.41,0.15
864,8700924,2967,,746,20220508,2022-05-08,1,847.86,0.19
865,870865,2199,374,839,20210731,2021-07-31,7,833.18,0.28
886,893407,2579,208,274,20211002,2021-10-02,2,19.05,0.38
953,950119,2210,847,437,20200626,2020-06-26,5,208.19,0.44
980,9797535,2848,,716,20220616,2022-06-16,6,957.83,0.01
994,995300,2399,389,778,20210916,2021-09-16,9,366.8,0.08
1025,9980459,2235,,171,20230822,2023-08-22,7,128,0.2
1028,9980462,2830,,346,20231027,2023-10-27,2,74.7,0.44
1029,9980463,3124,,333,20220831,2022-08-31,5,192.22,0.32
1046,9980480,2277,,240,20220528,2022-05-28,10,301.17,0.41
1057,9980491,2584,,109,20230729,2023-07-29,2,222.1,0.01
1061,9980495,2771,245,174,20221109,2022-11-09,9,54.87,0.14
1076,9980510,2574,,186,20221108,2022-11-08,7,765.12,0.11
1080,9980514,2882,,283,20220614,2022-06-14,6,420.04,0.45
1085,9980519,2609,,466,20230915,2023-09-15,4,807.18,0
1102,9980536,3130,,39,20221020,2022-10-20,7,231.2,0.43
1109,9980543,2466,,467,20221221,2022-12-21,6,899.15,0.12
1121,9980555,2530,,51,20230421,2023-04-21,9,963.35,0.46
1122,9980556,2252,,120,20230721,2023-07-21,6,845.58,0.22
1136,9980570,2875,,41,20220106,2022-01-06,3,326.98,0.49
1148,9980582,3115,,670,20230224,2023-02-24,7,464.21,0.18
1168,9980602,2454,911,543,20231226,2023-12-26,3,897.4,0.27
1201,9980635,2767,,780,20230905,2023-09-05,8,702.27,0.38
1212,9980646,2499,26,272,20220812,2022-08-12,6,978.28,0.28
1214,9980648,2681,,712,20220129,2022-01-29,1,132.58,0.14
1268,9980702,2388,,45,20221209,2022-12-09,9,597.42,0.34
1289,9980723,2381,,652,,,2,651.21,0.15
1316,9980750,2451,1010,413,20220108,2022-01-08,1,260.7,0
1319,9980753,2517,,279,20220820,2022-08-20,9,780.08,0.16
1328,9980762,2663,,746,20220831,2022-08-31,3,74.57,0.36
1338,9980772,2986,,780,20220301,2022-03-01,5,981.65,0.18
1339,9980773,2583,532,391,20231106,2023-11-06,1,400.52,0.39
1350,9980784,2393,,704,20220908,2022-09-08,6,739.2,0.38
1371,9980805,3082,,739,20220405,2022-04-05,6,557.22,0.21
1377,9980811,2254,,847,20230504,2023-05-04,3,954.19,0.1
1383,9980817,2482,,340,20230410,2023-04-10,3,766.91,0.09
1398,9980832,2840,,19,20230721,2023-07-21,7,578.28,0.18
1401,9980835,2765,,712,20230218,2023-02-18,2,525.01,0.09
1406,9980840,2426,,173,20220610,2022-06-10,6,788.88,0.16
1412,9980846,2305,,429,20231202,2023-12-02,9,956.77,0
1434,9980868,2363,206,804,20220920,2022-09-20,1,554.45,0.13
1449,9980883,3076,,788,20221226,2022-12-26,9,916.53,0.2
1450,9980884,2708,,712,20220403,2022-04-03,2,199.36,0.18
1470,9980904,3104,,529,20230519,2023-05-19,4,885.24,0.29
1507,9980941,2965,,752,20230514,2023-05-14,4,0,0.16
1512,9980946,2561,,379,20231007,2023-10-07,4,818.58,0
1520,9980954,2439,,564,20221029,2022-10-29,9,393.57,0.29
1532,9980966,2308,,326,20230312,2023-03-12,10,126.28,0.46
1535,9980969,2432,,792,20231125,2023-11-25,7,729.16,0.08
1579,9981013,2423,,151,20220115,2022-01-15,2,466.15,0.13
1588,9981022,2413,,155,20230811,2023-08-11,9,579.42,0.21
1620,9981054,2877,,706,20221007,2022-10-07,6,243.95,0.39
1628,9981062,2184,,180,20220919,2022-09-19,3,275.76,0.07
1629,9981063,3129,,674,20221229,2022-12-29,8,628.93,0.44
1638,9981072,2251,,566,20220729,2022-07-29,5,743.92,0.11
1648,9981082,2667,,319,20221113,2022-11-13,9,409.99,0.45
1658,9981092,2802,,560,20230714,2023-07-14,6,0,0.34
1662,9981096,2231,,301,20220704,2022-07-04,3,328.76,0.3
1701,9981135,2462,,8,20231018,2023-10-18,9,581.18,0.48
1721,9981155,2213,,770,20221109,2022-11-09,3,895.09,0.14
1722,9981156,2167,,402,,,9,380.2,0.44
1746,9981180,2761,,625,20230619,2023-06-19,9,66.39,0.21
1750,9981184,2679,,348,20221026,2022-10-26,8,930.74,0.15
1758,9981192,2638,,355,20220407,2022-04-07,8,423.89,0.04
1772,9981206,2847,,310,20220410,2022-04-10,3,872.83,0.01
1775,9981209,2915,,220,20230517,2023-05-17,5,589.43,0.28
1776,9981210,3114,842,620,20230624,2023-06-24,8,957.17,0.33
1793,9981227,3067,,140,20230615,2023-06-15,8,381.76,0.38
1795,9981229,3008,,25,20220528,2022-05-28,9,0,0
1797,9981231,2853,,25,20221006,2022-10-06,4,835.87,0.16
1815,9981249,2210,,599,20230503,2023-05-03,1,710.21,0.16
1819,9981253,2103,,711,20220404,2022-04-04,9,283.07,0.07
1853,9981287,2621,,483,20231026,2023-10-26,4,470.31,0.21
1864,9981298,2291,,670,20220815,2022-08-15,8,36.86,0.37
1871,9981305,2159,,461,20231127,2023-11-27,10,538.96,0.23
1892,9981326,2471,,478,20230130,2023-01-30,1,856.78,0.41
1922,9981356,2508,,803,20221201,2022-12-01,4,422.88,0.01
1929,9981363,2273,,714,20220809,2022-08-09,10,652.01,0.03
1950,9981384,2672,,523,20230902,2023-09-02,4,255.08,0.23
1970,9981404,2716,,621,20220628,2022-06-28,9,553.74,0.35
1981,9981415,2575,,793,20220313,2022-03-13,8,302.91,0.15
1988,9981422,2891,,198,20230513,2023-05-13,5,543.54,0.23
1992,9981426,2874,,52,20220202,2022-02-02,4,988.51,0.21
8,1056798,3044,,351,20220430,2022-04-30,6,857.93,0.49
24,122202,2414,525,148,20201115,2020-11-15,1,957.87,0.4
27,1240656,2981,,605,20221029,2022-10-29,4,632.88,0.2
31,126422,2280,378,141,20210215,2021-02-15,1,16.61,0.13
55,1462408,2458,,171,20221130,2022-11-30,6,672.04,0.23
75,1760713,2349,,406,20221005,2022-10-05,8,410.06,0.47
82,1801136,2317,,160,20220710,2022-07-10,9,96.19,0.36
86,1845618,2253,,670,20220129,2022-01-29,4,340.57,0.12
98,196172,2403,860,74,20200919,2020-09-19,7,81.23,0.13
99,1970050,2650,,862,20221225,2022-12-25,5,449.43,0.47
109,2102277,2388,,334,20221019,2022-10-19,5,225.7,0.43
131,2326088,2674,,314,20221124,2022-11-24,9,463.99,0.02
134,2353061,3034,,480,20230101,2023-01-01,7,604.38,0.28
146,24443,2305,379,862,20200620,2020-06-20,3,814.03,0.34
168,2626145,2602,,19,20220822,2022-08-22,3,834.49,0.17
264,349434,2315,922,397,20210617,2021-06-17,2,36.23,0.32
313,39323,2338,520,510,20200503,2020-05-03,9,941.85,0.03
323,4041388,2482,,493,20220205,2022-02-05,4,579.46,0.13
347,420897,2408,593,432,20201024,2020-10-24,6,731.84,0.17
369,4475747,2322,,383,20230710,2023-07-10,8,667.1,0.14
385,46118,2366,590,77,20210601,2021-06-01,4,603.03,0.37
394,469474,2419,21,774,20201121,2020-11-21,3,418.14,0.45
399,4723122,2296,,487,20220330,2022-03-30,10,86.1,0.21
403,4774069,2221,,593,20221023,2022-10-23,10,693.21,0.03
408,482994,2350,796,191,20201221,2020-12-21,1,600.66,0.01
433,5011172,3017,,717,20230215,2023-02-15,1,374.47,0.18
436,5024054,2656,,312,20220113,2022-01-13,6,412.35,0.01
444,5072780,2757,,172,20220412,2022-04-12,4,279.98,0.43
497,5523529,3120,,701,20220720,2022-07-20,2,595.12,0.12
528,5697070,2639,,221,20231202,2023-12-02,10,29.92,0.4
545,5827632,2601,,502,20220903,2022-09-03,9,682.5,0.48
559,5954931,2382,,834,20221006,2022-10-06,1,679.72,0.04
573,606870,2192,182,613,20210213,2021-02-13,4,116.2,0.12
581,614654,2428,803,153,20200723,2020-07-23,4,339.23,0.49
582,6158871,3027,,649,20230617,2023-06-17,4,753.91,0.41
594,624617,2193,252,487,20210309,2021-03-09,4,629.45,0.44
649,67538,2182,251,621,20200708,2020-07-08,2,573.35,0.39
651,6777185,2186,,387,20230206,2023-02-06,9,443.03,0.06
669,696410,2266,260,845,20201111,2020-11-11,2,609.48,0.06
714,7317928,2285,,293,20220916,2022-09-16,7,250.64,0.1
726,7453241,2316,,525,,,8,0,0.14
733,750959,2501,203,487,20200321,2020-03-21,7,544.74,0.17
763,7742402,2216,,698,20230723,2023-07-23,5,587.28,0.49
778,793727,2553,125,133,20200322,2020-03-22,6,377.62,0.27
793,8118354,2544,,58,20221218,2022-12-18,6,461.18,0.29
808,8255011,2970,141,43,20220401,2022-04-01,10,643.38,0
824,834742,2189,917,618,20200424,2020-04-24,3,800.59,0.38
826,839478,2430,861,616,20200127,2020-01-27,8,929.04,0.06
830,841820,2166,508,236,20210217,2021-02-17,1,663.36,0.45
837,84753,2547,872,281,20210919,2021-09-19,9,177.91,0.05
840,8482390,3096,,185,20220211,2022-02-11,2,538.77,0.4
849,85206,2429,449,46,20210616,2021-06-16,7,631.93,0
856,855532,2203,131,173,20200213,2020-02-13,6,386.6,0.5
871,879510,2236,787,816,20210221,2021-02-21,9,554.48,0.18
878,887953,2209,842,110,20210617,2021-06-17,3,815.2,0
900,904715,2244,722,538,20210807,2021-08-07,6,96.98,0.34
905,9069989,2529,,677,20230911,2023-09-11,2,903.04,0.3
916,9192210,2197,80,330,20230730,2023-07-30,10,254.69,0.46
932,931646,2343,521,423,20210806,2021-08-06,1,654.35,0.34
940,93849,2426,507,255,20210605,2021-06-05,3,326.45,0.35
957,9544731,2485,,633,20220418,2022-04-18,2,167.07,0.35
969,9729490,2620,,440,20220427,2022-04-27,1,70.4,0.14
971,9737885,2633,,852,20231008,2023-10-08,3,633.53,0.26
975,976431,2380,1002,750,20200710,2020-07-10,9,505.96,0.13
1012,9980446,2648,,118,20220625,2022-06-25,8,386.31,0
1048,9980482,2126,,379,20230305,2023-03-05,3,838.66,0.26
1111,9980545,3004,,114,20230223,2023-02-23,4,256.78,0.4
1112,9980546,3129,450,38,20230224,2023-02-24,5,865.06,0.11
1114,9980548,2691,,750,20221022,2022-10-22,10,696.91,0.14
1115,9980549,2404,,421,20230712,2023-07-12,8,688.15,0.02
1166,9980600,3028,,239,20230318,2023-03-18,5,384.92,0.19
1174,9980608,2610,,190,20230221,2023-02-21,1,60.08,0.49
1189,9980623,2104,922,488,20220206,2022-02-06,8,894,0
1192,9980626,2557,,578,20230120,2023-01-20,7,645.69,0.49
1211,9980645,2529,,49,,,3,462.96,0.4
1255,9980689,2865,664,748,20230228,2023-02-28,1,115.37,0.05
1258,9980692,2892,,35,20220124,2022-01-24,3,932.64,0.34
1317,9980751,2927,,321,20220704,2022-07-04,6,554.97,0.27
1330,9980764,2314,,237,20220515,2022-05-15,5,691.56,0.06
1337,9980771,2429,,313,20220923,2022-09-23,6,809.77,0.16
1347,9980781,2411,,507,20220104,2022-01-04,2,0,0.4
1380,9980814,3147,,517,20230103,2023-01-03,5,719.68,0.44
1392,9980826,3036,,228,20220616,2022-06-16,4,32.65,0.11
1429,9980863,2751,,476,20220113,2022-01-13,3,408.71,0.07
1431,9980865,2830,,779,20230928,2023-09-28,8,144.17,0.18
1438,9980872,2504,367,298,20220620,2022-06-20,7,591.8,0.41
1456,9980890,2389,,499,20220513,2022-05-13,2,200.76,0.32
1474,9980908,2586,,413,20220530,2022-05-30,1,543.09,0.4
1492,9980926,2245,,733,20220712,2022-07-12,4,181.35,0.41
1508,9980942,3037,,783,20230811,2023-08-11,2,684.96,0.14
1521,9980955,2872,,659,20220918,2022-09-18,2,463.07,0.04
1524,9980958,3076,,583,20220622,2022-06-22,2,605.25,0.08
1545,9980979,2573,,192,20220218,2022-02-18,5,221.76,0.03
1550,9980984,2461,,5,20220715,2022-07-15,3,0,0.49
1555,9980989,2577,,611,20230322,2023-03-22,9,945.93,0.05
1603,9981037,2565,,546,20230518,2023-05-18,8,639.15,0.42
1617,9981051,2971,,724,20230417,2023-04-17,7,780.81,0.24
1693,9981127,2810,,127,20231209,2023-12-09,7,618.84,0.21
1729,9981163,3149,,69,20230605,2023-06-05,2,343.17,0.16
1739,9981173,2362,,369,20230822,2023-08-22,9,5.44,0.03
1753,9981187,3073,,172,20231011,2023-10-11,7,185.73,0.06
1754,9981188,2938,,859,20220502,2022-05-02,10,730.83,0
1757,9981191,2698,661,33,20230708,2023-07-08,5,790.56,0.34
1764,9981198,2362,,407,20231128,2023-11-28,8,549.77,0.36
1780,9981214,2310,,545,20220817,2022-08-17,9,303.98,0.02
1781,9981215,2168,,119,20221213,2022-12-13,10,42.91,0.29
1800,9981234,2329,,465,20220126,2022-01-26,2,546.42,0.11
1801,9981235,2979,,506,20231014,2023-10-14,6,32.3,0.25
1806,9981240,2367,,219,20231203,2023-12-03,4,973.14,0.28
1817,9981251,2856,,281,20230103,2023-01-03,2,549.92,0.01
1827,9981261,2983,,557,20220718,2022-07-18,3,166.84,0.38
1829,9981263,2834,,840,,,1,732.82,0.23
1839,9981273,2689,,596,20221023,2022-10-23,2,485.85,0.4
1843,9981277,2614,,618,20230107,2023-01-07,6,807.09,0.19
1884,9981318,2306,,704,20230806,2023-08-06,10,260.73,0.07
1895,9981329,2695,,116,20230213,2023-02-13,8,12.23,0.47
1898,9981332,2556,,538,20230108,2023-01-08,2,145.43,0.14
1902,9981336,3093,,853,20221008,2022-10-08,1,149.85,0
1905,9981339,2891,,810,20220604,2022-06-04,3,0,0.41
1912,9981346,2889,,819,20220720,2022-07-20,10,75.6,0.3
1919,9981353,2245,711,735,20230922,2023-09-22,3,884.29,0.02
1938,9981372,2709,991,353,20220404,2022-04-04,3,698.95,0
1939,9981373,2376,,608,20220608,2022-06-08,4,881.49,0.3
1943,9981377,2934,,53,20230709,2023-07-09,3,949.68,0.23
1946,9981380,2443,,126,20220822,2022-08-22,2,362.12,0.26
1961,9981395,2678,,639,20230902,2023-09-02,3,672.53,0.3
1994,9981428,2185,,342,20220723,2022-07-23,1,992.81,0.2
2,100172,3053,129,318,20210303,2021-03-03,1,80.12,0.12
4,101760,2545,532,604,20200811,2020-08-11,1,535.79,0.21
5,104093,2265,120,152,20210811,2021-08-11,9,417.57,0.14
6,1048106,2603,,643,20231210,2023-12-10,3,986.79,0.17
9,1057977,2889,,539,20221130,2022-11-30,9,701.52,0.23
22,1201336,2388,,554,20220828,2022-08-28,4,133.22,0.19
39,135581,2425,75,200,20200310,2020-03-10,8,540.84,0.34
44,140525,2498,504,30,20210130,2021-01-30,6,172.07,0.4
47,143722,2349,16,486,20200712,2020-07-12,2,861.79,0.42
57,148376,2975,439,860,20200321,2020-03-21,1,416.13,0.33
64,164076,2447,930,845,20200711,2020-07-11,1,284.62,0.13
67,165644,2372,384,242,20210709,2021-07-09,3,183.66,0.15
85,183557,2363,335,94,20201228,2020-12-28,4,853.26,0.28
91,1910642,3047,,737,20220831,2022-08-31,5,334.62,0.47
94,191823,2298,712,344,20211108,2021-11-08,9,512.97,0.02
136,2359319,2472,,807,20220228,2022-02-28,4,634.98,0
176,268814,2212,579,86,20200514,2020-05-14,5,433.34,0.16
204,2934116,2258,,363,20220627,2022-06-27,1,40.82,0.21
209,3002139,2969,,178,20220628,2022-06-28,5,868.17,0.34
219,306139,2314,194,57,20210401,2021-04-01,3,827.04,0.23
231,3139017,2911,,436,20230325,2023-03-25,3,343.79,0.26
277,36127,2440,526,411,20201014,2020-10-14,4,545.28,0.26
284,370556,2383,856,284,20200524,2020-05-24,2,194.07,0.09
285,3713592,2773,,761,20230122,2023-01-22,2,689.49,0.29
322,404135,2831,370,443,20210719,2021-07-19,5,418.45,0.35
344,419952,2384,669,560,20210717,2021-07-17,4,664.87,0.11
363,4365638,2236,,24,20230530,2023-05-30,1,166.64,0.01
366,4449372,3073,,703,20230417,2023-04-17,9,566.96,0.4
368,446125,2285,998,812,20200611,2020-06-11,2,36.47,0.29
370,4487451,2691,,592,20220323,2022-03-23,6,732.69,0.05
417,493688,2375,647,751,20200217,2020-02-17,8,270.3,0.35
453,514232,2284,665,19,20210515,2021-05-15,1,863.39,0.01
472,5282471,3002,,747,20220131,2022-01-31,6,262.26,0.02
484,5401991,2458,647,789,20221229,2022-12-29,8,388.82,0.09
486,541460,2240,68,650,20210330,2021-03-30,4,201,0.2
487,542446,2292,921,375,20200619,2020-06-19,6,65.09,0.16
515,5619599,3018,,630,20220618,2022-06-18,2,781.78,0.18
536,572637,2184,786,306,20210530,2021-05-30,5,915.09,0
551,5889727,2838,,149,20230225,2023-02-25,1,860.75,0.11
558,594913,2424,927,292,20201005,2020-10-05,8,513.29,0.01
570,6042073,2609,,809,20221225,2022-12-25,7,357.34,0.2
575,607207,2494,25,111,20211001,2021-10-01,4,490.03,0.03
595,625584,2562,278,852,20200429,2020-04-29,7,471.29,0.11
613,639688,2401,800,758,20210115,2021-01-15,3,784.35,0.02
620,647246,2290,11,420,20210413,2021-04-13,9,105.16,0.35
632,6566732,3147,,46,20220901,2022-09-01,10,666.86,0.18
644,668799,2317,586,278,20200116,2020-01-16,1,102.55,0.32
694,7171916,2636,,750,20230328,2023-03-28,4,974.09,0.39
702,722771,2302,725,739,20210708,2021-07-08,4,271.03,0.16
719,7336205,2770,,799,20230223,2023-02-23,5,38.62,0.29
732,7500115,2554,,562,20220708,2022-07-08,5,971.84,0.14
747,762617,2753,1,533,20210425,2021-04-25,2,796.37,0.33
754,767359,2491,867,538,20200202,2020-02-02,4,122.14,0.2
788,807496,2413,140,492,20201002,2020-10-02,4,6.73,0.36
797,817315,2548,398,602,20200403,2020-04-03,4,660.79,0.22
806,82500,2580,337,279,20200124,2020-01-24,2,950.22,0.46
815,8313398,2881,,155,20220715,2022-07-15,2,567.51,0.3
838,847666,2219,721,484,20210530,2021-05-30,1,381.55,0.09
839,8476699,2798,,787,20221108,2022-11-08,8,802.8,0.03
859,861348,2486,710,107,20200813,2020-08-13,2,547.84,0.1
889,8949017,3140,,332,20231008,2023-10-08,8,437.2,0.3
935,932583,2875,126,417,20210830,2021-08-30,3,839.66,0.24
941,9399911,2976,,303,20220215,2022-02-15,1,849.29,0.31
967,969990,2590,210,79,20210511,2021-05-11,2,263,0.41
970,9734524,2137,,720,20220921,2022-09-21,9,728.6,0.29
986,990418,2170,916,39,20201208,2020-12-08,9,100.86,0.49
995,9973576,2506,,339,20220316,2022-03-16,8,198.14,0.25
998,9980432,2683,604,152,20221027,2022-10-27,5,0,0.18
999,9980433,2927,,614,20220315,2022-03-15,9,986.49,0.27
1011,9980445,2343,388,482,20220805,2022-08-05,6,166.59,0.46
1014,9980448,2763,,751,20220722,2022-07-22,4,480.72,0.23
1020,9980454,2562,,26,20230515,2023-05-15,3,579.02,0.21
1023,9980457,3096,,553,20231003,2023-10-03,9,731.15,0.38
1024,9980458,3043,,552,20221004,2022-10-04,1,335.1,0.43
1027,9980461,2827,17,710,20221007,2022-10-07,10,335.55,0.16
1059,9980493,2346,,700,20221016,2022-10-16,2,921.19,0.16
1063,9980497,2738,,805,,,7,648.95,0.2
1070,9980504,2703,,753,20220213,2022-02-13,4,681.97,0.01
1079,9980513,2201,,621,20221129,2022-11-29,5,168.63,0.26
1097,9980531,2565,,490,20220804,2022-08-04,4,0,0.5
1137,9980571,2294,,221,20231014,2023-10-14,10,0,0.12
1167,9980601,2915,,2,20231217,2023-12-17,4,497.79,0.48
1190,9980624,2761,,394,20220427,2022-04-27,10,73.39,0.21
1196,9980630,2924,319,651,20231230,2023-12-30,1,74.73,0
1199,9980633,2397,,487,20220324,2022-03-24,5,704.22,0.12
1232,9980666,3013,,681,20230223,2023-02-23,5,488.76,0.43
1240,9980674,2211,450,704,20220919,2022-09-19,1,270,0.44
1251,9980685,3118,,426,20230215,2023-02-15,2,637.51,0.09
1269,9980703,2724,,345,20230325,2023-03-25,8,567.81,0.12
1279,9980713,2778,,794,20220111,2022-01-11,7,504.09,0
1308,9980742,2381,,650,20221221,2022-12-21,4,479.95,0.01
1331,9980765,2569,746,283,20231202,2023-12-02,6,438.56,0.32
1334,9980768,2596,,783,20231012,2023-10-12,10,768.76,0.4
1352,9980786,2292,,653,20220702,2022-07-02,5,590.71,0.19
1364,9980798,2950,,609,20230706,2023-07-06,9,895.93,0.39
1396,9980830,2572,,857,20221004,2022-10-04,2,962.33,0
1423,9980857,2446,,218,20221221,2022-12-21,5,884.33,0.31
1459,9980893,2608,,33,,,10,841.53,0.05
1473,9980907,2371,,486,20220802,2022-08-02,9,648.92,0.17
1505,9980939,2854,,508,20220919,2022-09-19,2,174.47,0.13
1562,9980996,2317,,395,,,6,486.81,0.19
1601,9981035,2804,,472,20220425,2022-04-25,5,680.12,0.11
1604,9981038,2768,,634,,,8,808.86,0.33
1626,9981060,2405,,338,20230109,2023-01-09,8,960.98,0.45
1656,9981090,2224,585,316,20231204,2023-12-04,10,0,0.32
1669,9981103,2736,,125,20221019,2022-10-19,6,551.52,0
1672,9981106,2236,,73,20220122,2022-01-22,1,788.64,0.49
1716,9981150,2692,,835,20230404,2023-04-04,5,605.89,0.24
1736,9981170,3049,951,799,20231022,2023-10-22,5,653.33,0
1762,9981196,2337,,766,20230920,2023-09-20,8,460.03,0.31
1765,9981199,2589,,156,20230302,2023-03-02,1,989.79,0
1787,9981221,2200,,357,20230501,2023-05-01,7,568.53,0.09
1794,9981228,2668,,806,20231004,2023-10-04,3,514.84,0.47
1804,9981238,2168,,859,20230126,2023-01-26,6,311.91,0.18
1810,9981244,2845,,855,20221225,2022-12-25,1,640.18,0.08
1823,9981257,2276,,308,20231028,2023-10-28,5,940.45,0.49
1847,9981281,2771,,594,20230502,2023-05-02,10,386.7,0.01
1849,9981283,3004,,490,20230208,2023-02-08,7,309.55,0.18
1850,9981284,3006,,518,,,6,97.87,0.48
1854,9981288,2269,,335,20230206,2023-02-06,9,299.04,0.15
1885,9981319,2756,,52,20230417,2023-04-17,3,685.61,0.31
1889,9981323,2962,,247,20220819,2022-08-19,10,154.08,0.05
1903,9981337,2497,178,496,20220618,2022-06-18,6,696.78,0.31
1955,9981389,2922,,397,20220926,2022-09-26,6,759.37,0.37
1964,9981398,2280,,168,20230822,2023-08-22,9,899.95,0.21
1969,9981403,2199,,37,20220503,2022-05-03,6,97.53,0.27
1972,9981406,2615,,552,,,10,753.48,0.34
7,1054456,2485,,759,20220708,2022-07-08,4,195.71,0.08
12,1095353,2927,,614,20220525,2022-05-25,7,958.49,0
18,1166809,2687,,38,20230331,2023-03-31,5,237.3,0.25
46,141282,2422,802,437,20210121,2021-01-21,4,975.67,0.12
76,17611,2541,871,458,20200730,2020-07-30,6,936.27,0.07
87,185609,2329,794,768,20200227,2020-02-27,5,412.63,0.36
105,207348,2198,910,723,20201208,2020-12-08,4,81.02,0.5
137,2364728,3094,,27,20230414,2023-04-14,3,529.06,0.07
138,236595,2279,791,223,20210331,2021-03-31,2,782.19,0.1
243,3263332,2485,,252,20231128,2023-11-28,6,448.36,0.29
262,3485700,2920,,217,20220424,2022-04-24,10,913.59,0.13
297,3820331,2889,,121,20220603,2022-06-03,7,981.27,0.08
314,3949527,2290,,501,20230801,2023-08-01,1,951.46,0.17
315,394990,2458,451,428,20200917,2020-09-17,3,671.77,0.05
328,408007,2208,9,722,20210827,2021-08-27,5,844.21,0.07
330,40939,2275,790,124,20200427,2020-04-27,1,621.68,0.09
338,4158383,2810,,775,20220929,2022-09-29,3,838.27,0.21
373,4503724,2787,,9,20231003,2023-10-03,1,792.93,0.13
383,457729,2194,253,149,20201225,2020-12-25,8,175.27,0.28
424,4949013,2462,121,288,20220420,2022-04-20,10,796.01,0.09
426,495081,2336,726,318,20200330,2020-03-30,3,280.82,0.14
450,510752,2396,388,234,20211216,2021-12-16,1,708.58,0.34
454,5147481,2466,,489,20220412,2022-04-12,2,115.02,0.13
483,5397160,2940,,116,20230808,2023-08-08,5,362.22,0
530,570834,2400,859,851,20210121,2021-01-21,4,209.95,0.36
547,585223,2397,269,441,20200715,2020-07-15,9,765.91,0.28
577,609390,2664,781,681,20211227,2021-12-27,2,528.3,0.22
608,635301,3130,65,40,20210306,2021-03-06,2,518.11,0.11
615,640458,2474,807,721,20210630,2021-06-30,8,296.12,0.22
625,6499867,2316,,491,20230719,2023-07-19,8,217.68,0.16
631,655988,2345,196,3,20211019,2021-10-19,1,552.57,0.17
676,70048,2620,655,164,20210509,2021-05-09,3,422.91,0.06
678,7026491,2679,,487,20231002,2023-10-02,4,980.87,0.15
684,7072681,2548,,862,20231014,2023-10-14,7,900.13,0.32
711,7290420,3078,,221,20220928,2022-09-28,4,867.79,0.27
746,7620715,2172,,319,20230131,2023-01-31,4,937.28,0.18
769,7835231,2647,,139,20220613,2022-06-13,9,599.34,0.45
779,7949342,2780,,738,20220907,2022-09-07,4,591.38,0.21
818,8332937,3044,,319,20230916,2023-09-16,2,908.19,0.44
820,8338827,2548,,100,20231116,2023-11-16,8,175.61,0.12
828,8401588,2931,,536,20230918,2023-09-18,4,830.68,0.49
846,850581,2406,671,128,20211231,2021-12-31,1,318.71,0.21
873,882032,2509,124,510,20200109,2020-01-09,5,632.41,0.09
917,920111,3119,988,235,20210401,2021-04-01,3,573.26,0.33
921,922236,2485,529,141,20200223,2020-02-23,3,374.53,0.42
925,9260751,2779,,744,20231011,2023-10-11,2,33.3,0.24
938,9366297,2285,,623,20230305,2023-03-05,5,719.46,0.46
949,9479252,2498,,847,20230429,2023-04-29,8,113.05,0.4
983,984846,2232,581,61,20201022,2020-10-22,6,735.33,0.18
991,9932988,2196,,406,20230817,2023-08-17,4,96.26,0.26
1017,9980451,3074,,699,20230410,2023-04-10,8,580.42,0.01
1037,9980471,2326,731,218,20220228,2022-02-28,5,151.75,0.37
1081,9980515,2675,,384,20220811,2022-08-11,6,0,0.06
1099,9980533,2279,,401,,,6,480.31,0.24
1113,9980547,2950,,398,20220111,2022-01-11,3,497.64,0.07
1123,9980557,2981,,300,20231017,2023-10-17,7,139.09,0.17
1126,9980560,2264,810,417,20220323,2022-03-23,1,106.05,0.06
1152,9980586,2550,,601,20220613,2022-06-13,3,144.6,0.13
1177,9980611,2274,,93,20231211,2023-12-11,8,430.05,0.18
1180,9980614,2566,,332,20230523,2023-05-23,1,781.81,0.14
1181,9980615,2794,,797,,,8,699.62,0
1195,9980629,3004,,837,20230904,2023-09-04,4,415.03,0.14
1206,9980640,3030,,17,20220318,2022-03-18,5,574.46,0.21
1210,9980644,2465,126,508,,,7,0,0.46
1217,9980651,2744,,652,20220831,2022-08-31,4,839.35,0.45
1218,9980652,2811,,573,20230505,2023-05-05,2,0,0.29
1230,9980664,2584,,627,20230222,2023-02-22,8,239.25,0.37
1241,9980675,2911,,31,20230726,2023-07-26,8,126.43,0.23
1244,9980678,2280,,462,20220107,2022-01-07,5,538.89,0.49
1246,9980680,2467,,14,20230830,2023-08-30,9,498.01,0.45
1267,9980701,2870,,327,20220613,2022-06-13,10,312.14,0.33
1297,9980731,2578,,11,20221215,2022-12-15,4,684.72,0.23
1300,9980734,2691,,142,20231018,2023-10-18,10,0,0.37
1305,9980739,2236,,203,20231115,2023-11-15,4,359.64,0.12
1309,9980743,3053,,355,20221104,2022-11-04,4,665.64,0.02
1340,9980774,2502,,62,20221221,2022-12-21,8,580.43,0.13
1348,9980782,2895,,775,20230911,2023-09-11,7,896.07,0.33
1355,9980789,2658,,114,20220808,2022-08-08,8,590.6,0.01
1394,9980828,2631,,253,20221226,2022-12-26,10,256.11,0.06
1433,9980867,3017,,416,20230102,2023-01-02,8,759.31,0.42
1439,9980873,2736,,275,20230205,2023-02-05,8,609.88,0
1454,9980888,2466,,156,20230224,2023-02-24,4,878.34,0
1464,9980898,2696,,474,20221029,2022-10-29,5,259,0.48
1469,9980903,2898,,157,20220521,2022-05-21,8,753.19,0.29
1497,9980931,2381,,786,20220430,2022-04-30,6,499.2,0.08
1522,9980956,2883,,597,20220302,2022-03-02,7,865.07,0.21
1534,9980968,3037,,171,20220708,2022-07-08,7,338.8,0.22
1536,9980970,2456,,152,20230523,2023-05-23,1,150.56,0.13
1569,9981003,2732,,583,20230713,2023-07-13,5,110.8,0.16
1576,9981010,2454,,783,20231016,2023-10-16,10,324.12,0.26
1577,9981011,2647,,248,20220312,2022-03-12,5,70.41,0.25
1592,9981026,3133,,526,20221211,2022-12-11,2,278.01,0.48
1593,9981027,2496,,648,20230918,2023-09-18,2,616.03,0.39
1618,9981052,2679,,556,20230908,2023-09-08,10,228.03,0.11
1625,9981059,2392,,145,20221009,2022-10-09,5,103.47,0.11
1627,9981061,2306,,130,20221108,2022-11-08,7,235.2,0.19
1642,9981076,3061,,367,20220318,2022-03-18,6,385.67,0.36
1646,9981080,2509,,437,20230124,2023-01-24,8,874.05,0.33
1704,9981138,3033,,194,20231122,2023-11-22,1,500.93,0.48
1719,9981153,2674,,436,20230221,2023-02-21,8,232.49,0.1
1741,9981175,2649,455,623,20230701,2023-07-01,8,0,0.37
1751,9981185,2725,847,426,20220730,2022-07-30,3,921.26,0.13
1838,9981272,2785,,210,20230712,2023-07-12,1,447.07,0.27
1842,9981276,2765,,48,20220515,2022-05-15,10,489.46,0.19
1863,9981297,2350,,330,20230331,2023-03-31,6,587.71,0.48
1886,9981320,3029,,428,20220428,2022-04-28,7,888.88,0.5
1914,9981348,2346,,825,20230727,2023-07-27,9,981.53,0.01
1920,9981354,2550,,511,20231228,2023-12-28,5,480.42,0.18
1928,9981362,2452,,728,20220415,2022-04-15,2,64.33,0.35
1940,9981374,2733,,146,20230403,2023-04-03,10,244.33,0.29
1941,9981375,2470,,461,20230628,2023-06-28,3,100.42,0.38
1963,9981397,2859,,835,20231227,2023-12-27,8,7.02,0.43
1966,9981400,2956,,575,20231221,2023-12-21,2,763.64,0.33
1990,9981424,2770,,156,20220506,2022-05-06,8,364.15,0
1996,9981430,2317,,616,,,7,752.81,0.09
1999,998223,2886,576,187,20201209,2020-12-09,2,210.56,0.38
52,1452680,2474,,691,20230802,2023-08-02,1,853.54,0.21
53,1453842,2285,,93,20220826,2022-08-26,1,446.05,0.35
113,2124158,2492,,686,20231202,2023-12-02,8,89.71,0.37
153,2484859,3121,,1,20230506,2023-05-06,7,724.76,0.46
159,252361,2233,188,503,20211019,2021-10-19,2,583.77,0.13
179,2699822,2325,,822,20221010,2022-10-10,6,336.68,0.04
200,289907,2546,29,262,20210203,2021-02-03,8,739.32,0.37
220,306271,2217,186,597,20211008,2021-10-08,1,907.25,0.39
241,3237259,2414,,31,20220225,2022-02-25,4,690.97,0.15
261,3481274,2791,,103,20220218,2022-02-18,10,164.44,0.29
287,3738298,2488,,412,20230624,2023-06-24,6,711.08,0.22
303,384697,2470,274,414,20200915,2020-09-15,8,558.09,0.35
346,4208108,2547,,362,20230413,2023-04-13,6,384.97,0.21
350,4264625,3015,,391,20220427,2022-04-27,4,784.91,0.36
358,4350811,2650,,766,20220204,2022-02-04,3,768.26,0.22
367,44534,2402,19,276,20210926,2021-09-26,9,485.44,0.1
371,4492201,2102,,402,20220523,2022-05-23,8,58.16,0.02
374,4520422,2676,,583,20230712,2023-07-12,5,185.98,0.47
376,452908,2282,330,125,20210221,2021-02-21,6,750.99,0.34
395,469647,2253,843,377,20210905,2021-09-05,2,182.88,0.04
412,488920,2161,4,443,20201226,2020-12-26,9,505.65,0.45
413,489283,2435,928,100,20210109,2021-01-09,6,623.39,0.19
420,49425,2427,272,11,20201225,2020-12-25,9,986.01,0.07
427,4958816,2988,,413,20221026,2022-10-26,1,385.69,0.11
428,498405,3030,987,167,20201121,2020-11-21,8,853.54,0.07
446,5091209,2300,,626,20230721,2023-07-21,4,526.77,0.29
448,5103648,2716,,692,20220323,2022-03-23,9,335.84,0.17
461,521608,2519,937,444,20200816,2020-08-16,8,593.59,0.48
475,530269,2297,13,123,20200624,2020-06-24,8,329.15,0.43
499,553460,2551,145,730,20210914,2021-09-14,8,184.98,0.12
514,561919,2464,180,776,20201208,2020-12-08,4,821.95,0.26
565,598910,2318,999,251,20200307,2020-03-07,6,662.94,0.19
609,637084,2582,209,750,20201123,2020-11-23,3,296.18,0.33
623,648235,3108,324,162,20201001,2020-10-01,6,622.24,0.27
627,6506394,2893,,797,20230911,2023-09-11,4,15.83,0.41
670,6967785,3140,,468,20220502,2022-05-02,4,593.65,0.29
693,7137378,2115,,558,20221231,2022-12-31,10,159.23,0.14
717,733197,2499,869,225,20211225,2021-12-25,6,398.78,0.04
734,752282,2930,245,607,20211117,2021-11-17,7,17.7,0.42
753,7665632,2176,,777,20221229,2022-12-29,2,282.8,0.42
757,768929,2276,121,159,20200704,2020-07-04,1,422.93,0.31
759,771131,2571,207,297,20211019,2021-10-19,9,351.63,0.13
767,780035,2897,62,621,20211216,2021-12-16,3,778.71,0.4
791,8082836,2225,,389,20230806,2023-08-06,1,531.97,0
819,8333965,2806,,543,20230917,2023-09-17,3,692.67,0.09
847,851207,2508,144,717,20210322,2021-03-22,6,578.28,0.5
853,8537789,3073,,554,20220409,2022-04-09,6,222.52,0.12
881,8902027,2444,,540,20230223,2023-02-23,9,945.89,0.07
882,891040,2369,74,735,20210331,2021-03-31,1,273.44,0.15
884,8916342,2400,,191,20231209,2023-12-09,7,429.44,0
901,904765,2126,989,238,20200103,2020-01-03,8,350.12,0.24
924,925444,2507,275,128,20210216,2021-02-16,1,492.78,0.49
945,945172,2307,72,77,20200221,2020-02-21,3,409.41,0
1002,9980436,2973,,586,20230621,2023-06-21,10,625.66,0.42
1010,9980444,2234,,26,20231209,2023-12-09,3,800.74,0.28
1032,9980466,2634,,93,20231029,2023-10-29,4,143.84,0.34
1050,9980484,2185,,676,20221023,2022-10-23,10,167.8,0.15
1053,9980487,2910,,395,,,3,939.48,0.43
1074,9980508,2148,,785,20230912,2023-09-12,9,317.05,0.28
1100,9980534,2258,,185,20220725,2022-07-25,1,384.69,0.25
1117,9980551,2237,125,414,20220907,2022-09-07,7,249.14,0.16
1127,9980561,2212,,265,20220806,2022-08-06,6,225.83,0.06
1133,9980567,2323,,451,20231217,2023-12-17,10,537.87,0.43
1151,9980585,2547,,305,20230308,2023-03-08,2,556.58,0.28
1209,9980643,2944,,605,20221228,2022-12-28,9,308.76,0.21
1215,9980649,3026,,142,20220521,2022-05-21,3,314.73,0.04
1220,9980654,2629,,736,20221017,2022-10-17,10,53.17,0.36
1248,9980682,2714,,72,20220211,2022-02-11,4,535.77,0
1265,9980699,2431,,360,20220829,2022-08-29,9,749.27,0.06
1278,9980712,2711,,452,20231014,2023-10-14,7,253.17,0.39
1283,9980717,2585,,135,20230713,2023-07-13,4,167.27,0.22
1293,9980727,2943,,28,20220604,2022-06-04,7,814.05,0.37
1296,9980730,2884,,643,20230718,2023-07-18,9,354.49,0.17
1314,9980748,2632,144,246,20220324,2022-03-24,3,258.16,0.47
1367,9980801,3022,,587,20221030,2022-10-30,8,589.28,0.35
1374,9980808,2916,,815,20220719,2022-07-19,2,528.14,0.01
1385,9980819,2788,,138,20230823,2023-08-23,6,680.37,0.11
1386,9980820,2639,,197,20221130,2022-11-30,1,663.85,0.03
1390,9980824,2880,,390,20231128,2023-11-28,8,513.74,0.34
1402,9980836,2523,,151,,,1,766.96,0
1422,9980856,3061,780,794,20221127,2022-11-27,2,865.89,0.45
1424,9980858,2726,,683,20230721,2023-07-21,3,206.79,0.37
1466,9980900,2203,,180,20230504,2023-05-04,2,377.1,0.17
1479,9980913,2512,,342,20230614,2023-06-14,4,0,0.22
1501,9980935,2208,,36,20230413,2023-04-13,1,548.78,0.09
1514,9980948,2361,,506,20231104,2023-11-04,2,555.25,0.37
1543,9980977,3133,,257,20221016,2022-10-16,4,572.6,0.1
1561,9980995,3114,,77,20230501,2023-05-01,9,261.29,0.44
1574,9981008,2278,,299,20230517,2023-05-17,9,109.87,0.16
1578,9981012,3111,,426,20220519,2022-05-19,8,300.1,0.27
1594,9981028,2241,,3,20231007,2023-10-07,4,984.06,0.01
1609,9981043,2581,,35,20220801,2022-08-01,4,680.88,0.35
1616,9981050,2838,,235,20231014,2023-10-14,8,382.75,0.09
1630,9981064,2995,,502,20220425,2022-04-25,8,504.55,0.31
1645,9981079,2604,,849,,,6,513.24,0.05
1683,9981117,2565,,669,20230701,2023-07-01,10,491.69,0
1707,9981141,2680,,648,20230322,2023-03-22,2,282.52,0.23
1720,9981154,3019,936,250,20221128,2022-11-28,5,89.42,0.06
1723,9981157,2474,,207,20230530,2023-05-30,7,273.3,0.06
1748,9981182,2593,,316,20220218,2022-02-18,6,357.8,0.42
1760,9981194,2818,,497,20230601,2023-06-01,3,225.5,0.06
1773,9981207,2600,,25,20230813,2023-08-13,3,9.78,0
1807,9981241,2692,,718,20230929,2023-09-29,1,258.08,0.32
1814,9981248,2446,405,564,20220427,2022-04-27,4,0,0.39
1820,9981254,2477,,119,20221125,2022-11-25,7,0,0.07
1826,9981260,2837,,472,20230321,2023-03-21,7,292.32,0.03
1835,9981269,3001,,81,20230826,2023-08-26,3,833.11,0.47
1857,9981291,2182,,849,20221022,2022-10-22,7,856.99,0.31
1862,9981296,2608,,630,20221007,2022-10-07,8,110.41,0.03
1875,9981309,3039,,104,20220223,2022-02-23,10,488.29,0.22
1879,9981313,2288,,149,20230622,2023-06-22,10,937.03,0.38
1931,9981365,2509,,130,20230313,2023-03-13,6,709.58,0.36
1957,9981391,2919,,23,20220912,2022-09-12,6,662.41,0.22
1977,9981411,2761,,263,20231204,2023-12-04,6,762.72,0.09
1983,9981417,2636,,589,20220717,2022-07-17,9,32.66,0.06
1991,9981425,2435,,472,,,10,420.01,0.2
1998,9981432,2375,,447,20230322,2023-03-22,5,181.43,0.16
1,1001298,2911,,721,20230916,2023-09-16,6,745.57,0.09
10,1058504,3107,,635,20220406,2022-04-06,6,517.7,0.26
20,11898,3041,648,315,20200518,2020-05-18,7,458.85,0.2
30,126411,2476,454,793,20200316,2020-03-16,9,530.11,0.23
32,126617,2460,863,199,20201007,2020-10-07,7,655.27,0.41
37,134128,2453,651,129,20211216,2021-12-16,6,113.69,0.42
40,1369842,2501,,864,20221029,2022-10-29,1,285.09,0.12
74,17591,2360,266,243,20210524,2021-05-24,1,122.65,0.02
79,176994,2163,783,90,20210718,2021-07-18,9,384.25,0.34
92,1911991,2195,,204,20230715,2023-07-15,1,789.38,0.37
129,22730,2516,734,718,20210609,2021-06-09,3,782.33,0.18
130,2294298,2605,,64,20230114,2023-01-14,1,223.89,0.17
140,237227,2185,130,187,20210211,2021-02-11,8,816.23,0.41
185,275586,2311,793,98,20200909,2020-09-09,9,509.28,0.27
186,276102,2411,270,349,20210406,2021-04-06,4,528.2,0.34
187,276103,2176,246,476,20210126,2021-01-26,3,875.65,0.39
205,293578,2371,383,160,20201206,2020-12-06,9,421.95,0.18
213,3020654,2366,,440,20220921,2022-09-21,7,649.32,0.42
222,308907,2393,792,543,20210901,2021-09-01,2,387.97,0.04
224,309031,2164,784,671,20210525,2021-05-25,9,427.34,0.15
245,328716,2181,719,86,20211030,2021-10-30,5,173.8,0.25
258,3455033,2881,,372,20230731,2023-07-31,3,44.57,0.18
263,3491387,2807,,87,20230503,2023-05-03,3,259.98,0.23
269,3534094,2329,,356,20231119,2023-11-19,5,354,0.08
270,353965,2542,713,561,20211014,2021-10-14,4,67.87,0.07
278,3650210,2221,,136,20220930,2022-09-30,2,796.53,0.02
289,375263,2223,132,602,20210309,2021-03-09,5,445.5,0.1
296,3797060,2909,,44,20220304,2022-03-04,10,471.15,0.05
304,384922,2357,334,413,20210721,2021-07-21,9,364.87,0.31
307,387201,2587,146,666,20210803,2021-08-03,9,778.85,0.46
309,389043,2260,134,562,20201227,2020-12-27,7,822.97,0.15
311,391241,2333,925,295,20200819,2020-08-19,3,924.59,0.32
312,392269,2252,258,774,20210308,2021-03-08,1,81.23,0.2
334,412050,2563,673,551,20210323,2021-03-23,1,529.87,0.34
342,418395,2510,597,180,20201107,2020-11-07,6,956.62,0.23
387,46323,2515,936,696,20200607,2020-06-07,8,599.3,0.21
391,4658489,2515,,483,20231114,2023-11-14,1,481.57,0.25
400,4732606,2738,,561,20221206,2022-12-06,4,399.65,0.03
421,494383,2513,459,154,20210812,2021-08-12,5,25.38,0.38
465,524926,2381,386,667,20200715,2020-07-15,6,593.8,0.33
485,541376,2434,857,525,20210222,2021-02-22,4,725.22,0.35
493,5499822,2992,,507,20221018,2022-10-18,5,897.13,0.12
501,5544107,3114,,461,20230317,2023-03-17,9,19.52,0.2
520,5654424,2491,,661,20230916,2023-09-16,9,664.26,0.33
555,5937093,2768,,666,20221227,2022-12-27,1,600.69,0.21
564,598338,2355,265,796,20210627,2021-06-27,1,67.91,0.49
567,6002332,2965,,389,20221028,2022-10-28,10,717.79,0.49
574,607037,2465,931,650,20200124,2020-01-24,2,632.39,0.05
599,6273360,2335,,440,20220920,2022-09-20,4,644.39,0.33
648,6749750,2438,,195,20230116,2023-01-16,8,327.46,0.3
650,676826,2609,983,755,20210820,2021-08-20,4,646.55,0.18
656,684408,2585,82,571,20200704,2020-07-04,2,150.55,0.31
686,707622,2202,7,553,20210304,2021-03-04,1,326.04,0.37
688,7095809,3055,,486,20220118,2022-01-18,10,662.99,0.39
697,7194411,3085,,549,20230430,2023-04-30,10,566.36,0.05
712,729121,2225,919,313,20200811,2020-08-11,5,653.95,0.01
745,761887,2344,795,767,20210311,2021-03-11,3,832.43,0.32
762,7738803,2408,,733,20221213,2022-12-13,5,79.72,0.26
787,8052301,2236,,806,20230629,2023-06-29,5,310.15,0.12
810,826251,2720,322,507,20210629,2021-06-29,1,328,0.44
829,841332,2686,984,192,20200913,2020-09-13,6,293.39,0.14
833,8449314,2653,,745,20220923,2022-09-23,5,261.29,0.27
866,8739016,2194,,541,20220318,2022-03-18,4,290.14,0.14
869,8753477,2758,,72,20221013,2022-10-13,8,788.3,0.42
890,8969635,2815,,59,20230723,2023-07-23,5,999.57,0.07
893,8986502,2576,,22,20220509,2022-05-09,3,368.19,0.48
920,922073,2330,924,531,20210130,2021-01-30,7,758.04,0.22
930,9297138,2892,78,751,20231226,2023-12-26,10,439.11,0.42
956,95154,2514,935,11,20201224,2020-12-24,7,822.7,0.43
972,974720,2331,366,657,20200208,2020-02-08,2,687.35,0.04
1001,9980435,2896,,855,20220118,2022-01-18,5,260.56,0.12
1013,9980447,2377,,525,20221207,2022-12-07,4,994.43,0.25
1035,9980469,2439,,138,20220114,2022-01-14,9,587.13,0.06
1040,9980474,2346,,54,20231204,2023-12-04,5,177.64,0.12
1058,9980492,2646,,182,20230710,2023-07-10,3,900.08,0.46
1077,9980511,2981,,827,20220708,2022-07-08,6,770.34,0
1090,9980524,2466,,221,20230806,2023-08-06,2,695.78,0.47
1094,9980528,2881,,640,,,10,462.7,0.3
1142,9980576,2188,,604,20220513,2022-05-13,8,47.88,0.31
1143,9980577,2230,,842,20221101,2022-11-01,9,188.33,0.17
1147,9980581,2827,,605,20220429,2022-04-29,4,5.81,0.12
1160,9980594,2375,,649,20220202,2022-02-02,9,953.55,0.28
1202,9980636,2435,,266,20220116,2022-01-16,2,971.28,0.05
1221,9980655,2784,,201,20220424,2022-04-24,6,336.45,0.09
1235,9980669,2753,,421,20220407,2022-04-07,1,0,0.28
1256,9980690,2989,,669,,,2,137.87,0.45
1266,9980700,2166,,309,20230325,2023-03-25,8,617,0.27
1302,9980736,2578,,167,20220729,2022-07-29,10,0,0.07
1311,9980745,2504,732,70,20231030,2023-10-30,9,0,0
1356,9980790,2672,,772,20221116,2022-11-16,4,899.08,0.09
1370,9980804,2568,,791,20230427,2023-04-27,3,563.15,0.45
1391,9980825,2898,,387,20230601,2023-06-01,9,185.07,0.26
1400,9980834,2448,,186,,,7,703.34,0.41
1404,9980838,2932,,569,20220825,2022-08-25,2,399.63,0.01
1415,9980849,2616,,611,20221020,2022-10-20,5,674.8,0
1443,9980877,2743,,237,20230914,2023-09-14,2,316.65,0.4
1487,9980921,2712,,763,,,9,16.61,0.2
1540,9980974,2374,,402,20230524,2023-05-24,1,620.34,0.2
1542,9980976,2996,,594,20220917,2022-09-17,5,206.94,0.45
1552,9980986,2317,,731,20220121,2022-01-21,9,261.73,0.27
1556,9980990,2728,,163,20221115,2022-11-15,6,401.1,0.34
1557,9980991,2179,,581,20221024,2022-10-24,2,455.74,0.21
1560,9980994,2591,,82,20220905,2022-09-05,5,673.63,0.32
1591,9981025,2999,712,376,20220815,2022-08-15,8,293.49,0.09
1599,9981033,2877,,31,20221014,2022-10-14,1,629.08,0.22
1600,9981034,2658,,401,20220308,2022-03-08,8,849.17,0.32
1606,9981040,2451,,559,20221007,2022-10-07,1,285.9,0.44
1624,9981058,2258,,230,20220419,2022-04-19,6,103.07,0.1
1680,9981114,2460,,101,20220416,2022-04-16,6,281.06,0.08
1685,9981119,2678,,279,20220917,2022-09-17,9,419.98,0.1
1696,9981130,2346,,598,20230116,2023-01-16,9,248.77,0.26
1710,9981144,2857,,95,20231002,2023-10-02,8,631.26,0.02
1714,9981148,2466,,106,20221217,2022-12-17,3,317.67,0.45
1756,9981190,3071,,630,20230630,2023-06-30,8,64.97,0.41
1770,9981204,2433,,773,20220625,2022-06-25,4,455.48,0
1785,9981219,2917,,457,20230211,2023-02-11,10,131.06,0
1792,9981226,2694,,590,20231018,2023-10-18,6,994.46,0.48
1796,9981230,2434,,412,20220502,2022-05-02,9,881.6,0.41
1803,9981237,3012,,270,20230315,2023-03-15,10,521.99,0.12
1805,9981239,2161,,725,20220703,2022-07-03,10,553.46,0.28
1845,9981279,2669,,226,20230907,2023-09-07,10,586.11,0.48
1846,9981280,2166,,731,20231124,2023-11-24,8,659.14,0.19
1858,9981292,3104,,615,20221205,2022-12-05,1,894.33,0.14
1887,9981321,2507,,403,20230901,2023-09-01,7,919.09,0.04
1900,9981334,2874,,177,20230127,2023-01-27,2,370.71,0.35
1979,9981413,2709,,799,20230129,2023-01-29,9,130.73,0.28
1995,9981429,2398,,824,20230121,2023-01-21,2,589.57,0.43
19,118539,2267,516,342,20201030,2020-10-30,6,214.76,0.05
28,1243501,2556,,500,20220402,2022-04-02,7,916.33,0.13
51,1450901,2942,,363,20220804,2022-08-04,3,385.84,0.27
58,155620,2919,505,245,20211112,2021-11-12,5,875.72,0.3
62,1621120,2261,,184,,,5,502.33,0.08
70,174688,2550,1007,537,20201105,2020-11-05,6,252.1,0.46
95,192373,2388,670,209,20201222,2020-12-22,1,389.48,0.33
106,207902,2201,254,281,20210402,2021-04-02,7,81.6,0.3
142,237697,3141,325,607,20210712,2021-07-12,3,463.11,0.49
149,2468654,2493,,645,20230330,2023-03-30,1,797.6,0
165,2592688,2294,,650,20230303,2023-03-03,2,643.61,0.07
207,296958,2432,594,456,20200122,2020-01-22,9,869.53,0.1
218,30595,2389,858,771,20210422,2021-04-22,4,199.78,0.27
221,307058,2196,327,698,20200605,2020-06-05,9,987.76,0.1
226,3116941,2850,,72,20231224,2023-12-24,7,375.61,0.3
235,3191725,2619,,784,20230602,2023-06-02,4,492.34,0
249,3312656,3134,,385,20220806,2022-08-06,4,525.83,0.46
253,3411452,2210,,761,20230820,2023-08-20,9,856.55,0.22
255,3430348,2268,,405,20230314,2023-03-14,6,0,0.2
291,375829,2523,735,320,20201001,2020-10-01,6,361.99,0.19
295,379041,2319,1000,389,20201031,2020-10-31,5,424.69,0.37
327,4079850,2904,,754,20221116,2022-11-16,10,774.26,0.38
356,432055,2492,868,507,20210730,2021-07-30,2,727.23,0.32
364,4386633,2311,,101,20231213,2023-12-13,6,780.41,0.14
393,46889,2115,718,809,20200416,2020-04-16,8,963.53,0.36
396,470629,2320,574,856,20200525,2020-05-25,7,951.92,0.43
464,5238980,2201,,20,20230903,2023-09-03,6,724.56,0.5
476,530534,2420,650,295,20200508,2020-05-08,4,728.02,0.02
489,5448623,2439,,249,20220329,2022-03-29,2,632.67,0.31
507,5591569,2914,,524,20230517,2023-05-17,10,465.7,0
524,566610,2438,929,3,20210806,2021-08-06,6,777.04,0.43
525,5667493,2342,,2,20221011,2022-10-11,1,132.04,0.45
541,5789120,2821,,861,20221221,2022-12-21,7,498.14,0.29
552,5921280,2213,,683,20230126,2023-01-26,5,695.54,0.19
566,6000814,3108,,110,20230111,2023-01-11,6,803.28,0.25
576,60868,2558,672,765,20200104,2020-01-04,2,382.03,0.28
592,622830,2204,8,388,20200311,2020-03-11,7,843.12,0.21
607,6333134,2555,,96,20230607,2023-06-07,5,786.88,0.4
635,6632010,2728,,811,20220219,2022-02-19,3,266.32,0.49
652,67888,2543,941,596,20200525,2020-05-25,1,887.9,0.47
691,7122145,2454,,314,20221224,2022-12-24,1,747.57,0.34
705,7262069,2271,,538,20221024,2022-10-24,9,506.86,0.18
742,759134,2186,510,147,20211213,2021-12-13,3,569.78,0.04
774,7892960,2724,,538,20221126,2022-11-26,9,684.72,0
780,795563,3064,915,420,20200221,2020-02-21,8,607.74,0.5
783,800175,2502,531,811,20210428,2021-04-28,4,730.21,0.41
790,808093,2842,437,193,20210104,2021-01-04,7,643.99,0.07
792,8082887,2922,,690,20220301,2022-03-01,5,316.43,0.1
802,8206315,3061,,549,20230202,2023-02-02,5,312.27,0.37
805,8244890,2895,,184,20221108,2022-11-08,9,167.93,0.49
813,82787,2221,661,385,20200604,2020-06-04,6,112.31,0.47
879,8884708,2567,,525,20220331,2022-03-31,2,501.69,0.34
880,8893642,3143,,206,20231123,2023-11-23,5,803.64,0.28
883,8913334,2369,,330,20221229,2022-12-29,10,307.31,0.09
933,931660,2495,530,589,20210131,2021-01-31,2,681.75,0.5
952,949420,2382,447,621,20200704,2020-07-04,6,897,0.2
989,993100,2251,329,603,20200913,2020-09-13,1,286.14,0.14
997,997715,2300,332,656,20210406,2021-04-06,4,719.29,0.15
1003,9980437,3104,,176,20231125,2023-11-25,7,438.35,0.38
1018,9980452,2239,,704,20230517,2023-05-17,5,808.7,0
1026,9980460,2250,,249,20230409,2023-04-09,7,188.74,0.13
1036,9980470,2478,,217,20221107,2022-11-07,4,854.19,0.46
1042,9980476,2611,,738,20230317,2023-03-17,7,558.96,0.47
1049,9980483,2564,,461,20230903,2023-09-03,2,32.82,0.01
1067,9980501,2189,,209,20230607,2023-06-07,6,83.16,0.13
1095,9980529,3084,323,144,20220304,2022-03-04,2,0,0.19
1101,9980535,2587,,55,20231027,2023-10-27,10,828.48,0.08
1116,9980550,2518,455,431,20220831,2022-08-31,8,447.52,0.32
1119,9980553,2809,,769,20230106,2023-01-06,4,430.15,0.29
1128,9980562,2994,,629,20230403,2023-04-03,9,800.58,0.46
1146,9980580,2390,,673,20230301,2023-03-01,7,550.8,0.26
1150,9980584,2977,74,99,,,7,948.81,0.15
1157,9980591,3109,,550,20230324,2023-03-24,4,92.27,0.31
1169,9980603,2961,,410,20230923,2023-09-23,2,767.27,0.23
1170,9980604,2398,,170,20230215,2023-02-15,1,281.75,0.25
1173,9980607,2252,,501,20230331,2023-03-31,4,184.76,0.45
1184,9980618,2619,,475,20230512,2023-05-12,8,515.31,0.02
1226,9980660,2195,,542,20231016,2023-10-16,7,630.8,0.44
1229,9980663,3105,,834,20220903,2022-09-03,3,300.88,0.16
1239,9980673,2993,,238,20231205,2023-12-05,4,30.37,0.49
1261,9980695,2316,327,26,20221016,2022-10-16,4,379.6,0.42
1303,9980737,2751,,267,20221227,2022-12-27,2,524.51,0.17
1312,9980746,2930,,59,20230207,2023-02-07,5,295.21,0.09
1333,9980767,2291,,605,20221122,2022-11-22,10,773.18,0.24
1343,9980777,2959,,137,20221229,2022-12-29,3,412.96,0.33
1360,9980794,3077,,97,20230706,2023-07-06,10,521.91,0.28
1369,9980803,2783,,178,20230303,2023-03-03,5,993.1,0.08
1373,9980807,2656,,732,20230515,2023-05-15,10,481.56,0.35
1378,9980812,2776,,289,20220402,2022-04-02,1,969.87,0.09
1389,9980823,3088,,482,,,6,583.42,0.34
1408,9980842,2570,,712,20220326,2022-03-26,6,501.79,0.11
1418,9980852,2625,,173,20230513,2023-05-13,9,303.09,0.26
1441,9980875,3130,,422,20230513,2023-05-13,10,193.4,0.2
1446,9980880,2974,,119,20221231,2022-12-31,1,639.83,0.05
1453,9980887,2115,,494,20220201,2022-02-01,4,908.34,0.26
1458,9980892,2850,,757,20230621,2023-06-21,9,684.41,0.2
1465,9980899,2784,,546,20220524,2022-05-24,2,524.86,0.21
1484,9980918,2345,,709,20230624,2023-06-24,7,452.38,0.14
1485,9980919,2889,,77,20230911,2023-09-11,9,217.19,0.39
1495,9980929,2234,377,304,20230131,2023-01-31,6,336.22,0.39
1533,9980967,2648,,544,20230725,2023-07-25,4,887.71,0.03
1548,9980982,3063,,687,20230111,2023-01-11,2,184.7,0.03
1549,9980983,3013,,561,20220702,2022-07-02,5,0,0.49
1565,9980999,2619,,735,20230915,2023-09-15,5,618.1,0
1572,9981006,2617,,642,20220701,2022-07-01,6,775.77,0.14
1585,9981019,2634,,491,20231205,2023-12-05,6,627.87,0
1598,9981032,3039,,101,20220118,2022-01-18,4,16.26,0.16
1634,9981068,2451,,612,20230329,2023-03-29,10,959.67,0.34
1652,9981086,2762,,343,20230927,2023-09-27,10,701.72,0.42
1653,9981087,2649,,329,20231030,2023-10-30,10,665.61,0.48
1654,9981088,2713,,609,20230830,2023-08-30,5,971.71,0.23
1657,9981091,2763,,745,20231125,2023-11-25,9,752.31,0.38
1671,9981105,2863,,370,20221121,2022-11-21,7,885.03,0.49
1676,9981110,2771,,112,20230116,2023-01-16,9,724.46,0.29
1678,9981112,2774,,332,20230204,2023-02-04,9,0,0.08
1687,9981121,2169,,302,20220805,2022-08-05,1,542.25,0.25
1689,9981123,2647,,340,20230103,2023-01-03,3,0,0.22
1692,9981126,2678,,549,20220316,2022-03-16,2,60.07,0.3
1709,9981143,2348,,423,20220405,2022-04-05,1,546.14,0.32
1712,9981146,3025,,15,20221105,2022-11-05,4,976.04,0.39
1737,9981171,3046,,85,20220601,2022-06-01,7,574.39,0.13
1763,9981197,2665,,623,20221204,2022-12-04,1,263.22,0.3
1832,9981266,2301,,379,20231115,2023-11-15,6,277.57,0.05
1834,9981268,2365,471,76,20220601,2022-06-01,9,313.29,0.43
1837,9981271,2900,,664,,,10,183.59,0.03
1852,9981286,2364,872,202,,,2,485.86,0.12
1859,9981293,2264,,566,20221112,2022-11-12,5,250.74,0
1896,9981330,2516,,535,20220110,2022-01-10,7,111.59,0.14
1921,9981355,2412,,727,20220504,2022-05-04,10,808.17,0.19
1924,9981358,2701,,302,20231118,2023-11-18,7,424.92,0.44
1926,9981360,2740,,32,20220909,2022-09-09,8,753.03,0.41
1942,9981376,2167,,189,20220914,2022-09-14,1,805.92,0
1944,9981378,2430,,95,20230117,2023-01-17,8,20.48,0.42
1959,9981393,2650,,197,20220825,2022-08-25,1,199.46,0.26
1967,9981401,2771,,290,20220927,2022-09-27,5,401.69,0.49
103,203021,2172,184,154,20201027,2020-10-27,4,718.62,0.1
114,214031,2581,945,368,20210716,2021-07-16,6,232.78,0.32
125,224923,2270,850,108,20200726,2020-07-26,7,829.38,0.41
155,2493688,3036,,283,20220615,2022-06-15,8,937.38,0.13
161,254168,3042,64,133,20200522,2020-05-22,3,908.65,0.09
181,2739854,2466,,91,20220224,2022-02-24,7,783.68,0.17
197,2883423,3007,,622,20221122,2022-11-22,8,866.5,0.11
199,289767,2206,720,613,20211106,2021-11-06,4,212.82,0.32
203,292330,2566,400,653,20200302,2020-03-02,8,995.17,0.06
211,3010144,2280,,163,20220930,2022-09-30,9,115.26,0.39
223,3089648,2668,,567,20230705,2023-07-05,2,409.94,0.13
227,3119991,2930,,587,20230719,2023-07-19,10,154.63,0.32
260,347796,2264,709,506,20211208,2021-12-08,7,817.76,0.32
290,3756297,2238,,797,20230607,2023-06-07,1,0,0.49
300,3827122,2413,,105,20221116,2022-11-16,5,365.1,0.38
302,383871,2334,382,355,20200506,2020-05-06,7,316.94,0.07
331,409589,2241,328,707,20210817,2021-08-17,7,57.44,0.01
340,4171993,2269,,225,20230208,2023-02-08,1,569.5,0.15
349,4223307,2551,593,854,,,2,11.21,0.12
377,4530538,2549,,705,20230509,2023-05-09,5,714.96,0.14
382,45668,2340,667,244,20200823,2020-08-23,9,926.24,0.17
422,4945015,2787,,794,20230708,2023-07-08,5,146.15,0.46
439,503933,2504,458,14,20211004,2021-10-04,4,464.55,0.04
451,5112309,2470,,702,20220128,2022-01-28,4,139.1,0.1
488,5441169,2961,,382,20220228,2022-02-28,3,207.15,0.39
517,564020,2477,455,678,20200205,2020-02-05,8,479.13,0.22
540,577984,2418,391,571,20210227,2021-02-27,4,309.69,0.02
543,5813004,2673,675,690,20230925,2023-09-25,9,0,0.3
554,5934096,2994,,604,20221003,2022-10-03,2,135.55,0.19
578,610251,2454,23,461,20211021,2021-10-21,2,499.4,0.11
591,6227955,2479,,243,20230204,2023-02-04,2,778.53,0.07
593,6232295,3108,,843,20230415,2023-04-15,8,348.74,0.02
597,6269409,3124,,427,20221221,2022-12-21,7,594.59,0
614,640279,2261,515,424,20200417,2020-04-17,2,243.76,0.42
622,6480479,2807,,73,20231006,2023-10-06,6,59.35,0.27
629,655644,2529,736,569,20200411,2020-04-11,8,367.41,0.32
664,694826,2289,724,29,20200205,2020-02-05,7,891.1,0.31
679,7041993,2339,,334,20230713,2023-07-13,2,936.57,0.23
681,7071433,2197,,349,20231121,2023-11-21,10,932.51,0.47
703,7253487,2463,,358,20230126,2023-01-26,8,0,0.38
709,728961,2469,732,595,20201129,2020-11-29,6,653.49,0.36
715,7322889,2616,,172,20230203,2023-02-03,7,361.52,0.3
721,736294,2231,778,639,20210611,2021-06-11,5,390.82,0
722,7392207,2165,,267,,,3,756.94,0.38
724,7420236,2713,,829,20230901,2023-09-01,9,173.52,0.16
728,745652,2354,589,826,20201011,2020-10-11,5,555.02,0.46
738,7556316,3130,,372,20220213,2022-02-13,4,103.2,0.33
756,7687742,2882,,395,20230822,2023-08-22,4,318.81,0.13
785,8014132,2972,,386,20221010,2022-10-10,7,625.32,0.05
786,80236,2864,986,548,20210826,2021-08-26,8,10.18,0.06
798,8180355,2495,,105,20220316,2022-03-16,1,899.82,0.15
845,8501072,2403,,148,20230902,2023-09-02,7,472.85,0.27
861,8644270,2827,,218,20221230,2022-12-30,1,210.15,0.32
863,867397,2459,452,476,20200402,2020-04-02,5,303.11,0.24
867,8740934,3122,,429,20221016,2022-10-16,4,318.89,0.19
885,8920221,3012,,547,20230519,2023-05-19,8,605.58,0.07
922,922548,2326,666,350,20210403,2021-04-03,5,580.52,0.26
923,9226395,2954,,691,20220906,2022-09-06,9,385.17,0.01
950,9486451,2488,,181,20230414,2023-04-14,2,688.12,0.06
955,950662,2220,503,535,20210608,2021-06-08,2,87.71,0.27
958,9557888,2309,,362,20230621,2023-06-21,6,836.99,0.12
960,960295,2533,28,120,20210619,2021-06-19,4,358.82,0.15
962,962402,2479,142,590,20210131,2021-01-31,8,323.97,0.12
1007,9980441,2717,,360,20231025,2023-10-25,8,511.21,0.16
1015,9980449,2104,,205,20230314,2023-03-14,3,69.02,0.05
1068,9980502,2174,,496,20220416,2022-04-16,3,610.76,0.25
1084,9980518,2489,,790,20230221,2023-02-21,6,381.37,0.47
1104,9980538,2853,,356,20231101,2023-11-01,9,552.32,0.09
1106,9980540,2641,,593,20221027,2022-10-27,2,440.48,0.27
1131,9980565,2684,,64,20231117,2023-11-17,6,600.43,0.45
1132,9980566,2172,,17,20230722,2023-07-22,1,891.18,0.45
1144,9980578,2278,,789,20221227,2022-12-27,2,499.42,0.18
1159,9980593,2702,,34,20231012,2023-10-12,7,843.03,0.5
1162,9980596,2208,1004,162,20230119,2023-01-19,3,463.89,0.44
1176,9980610,2547,,602,20230920,2023-09-20,7,770.82,0.35
1185,9980619,3128,,793,20220125,2022-01-25,2,317.32,0.25
1187,9980621,2918,,794,20220118,2022-01-18,4,352.66,0.42
1197,9980631,2450,,678,20230825,2023-08-25,8,453.26,0.37
1207,9980641,3045,,182,20220503,2022-05-03,9,594.48,0.43
1208,9980642,2802,,347,20220610,2022-06-10,8,525.56,0.35
1213,9980647,2217,,436,20221124,2022-11-24,4,67.36,0.45
1227,9980661,2511,,806,20220911,2022-09-11,10,968.19,0.23
1234,9980668,2499,,54,20220525,2022-05-25,9,769.09,0.06
1243,9980677,2362,137,592,,,4,980.48,0.31
1249,9980683,2239,18,296,20231230,2023-12-30,6,998.76,0.43
1253,9980687,2444,,69,20221223,2022-12-23,8,112.53,0.05
1284,9980718,2562,,6,20230718,2023-07-18,4,335.98,0.45
1301,9980735,2299,,489,20220514,2022-05-14,3,358.57,0
1315,9980749,2946,,658,20220513,2022-05-13,9,742.65,0.42
1318,9980752,2658,,348,20230927,2023-09-27,8,47.11,0.34
1326,9980760,2655,,353,,,2,329.78,0.18
1335,9980769,3058,259,161,20220128,2022-01-28,4,400.91,0.45
1349,9980783,2797,,409,20220520,2022-05-20,4,602.57,0.04
1358,9980792,2479,,371,20230621,2023-06-21,7,326.43,0.08
1365,9980799,2815,,175,20220112,2022-01-12,6,824.44,0.06
1372,9980806,2635,,368,20230403,2023-04-03,9,991.88,0.33
1379,9980813,2817,,721,20220617,2022-06-17,5,970.47,0.23
1393,9980827,2719,,734,20220426,2022-04-26,8,250.24,0.23
1403,9980837,2944,,514,20231101,2023-11-01,8,204.99,0.25
1420,9980854,2850,,684,20220122,2022-01-22,4,379.51,0
1430,9980864,3014,,732,20230323,2023-03-23,8,701.85,0.38
1432,9980866,2434,,52,20231221,2023-12-21,1,606.5,0.08
1471,9980905,2927,,598,20230521,2023-05-21,2,234.48,0.02
1503,9980937,2525,,135,20230801,2023-08-01,6,0,0.42
1510,9980944,3092,,78,20221221,2022-12-21,6,199.02,0.14
1515,9980949,2267,,298,20231220,2023-12-20,4,791.69,0.47
1523,9980957,2807,,199,20230907,2023-09-07,10,150.13,0.34
1566,9981000,2355,,9,20220312,2022-03-12,4,639.11,0.29
1568,9981002,2792,,358,20220710,2022-07-10,3,529.61,0.08
1580,9981014,2695,,464,20220412,2022-04-12,8,208.29,0.26
1610,9981044,2904,,138,20220520,2022-05-20,7,638.72,0.4
1651,9981085,3028,444,26,20221128,2022-11-28,3,239.53,0.25
1659,9981093,2314,285,276,20230910,2023-09-10,4,859.16,0.38
1675,9981109,2159,,342,20220706,2022-07-06,3,446.5,0
1681,9981115,2321,,286,20230914,2023-09-14,10,267.48,0.33
1682,9981116,2354,,206,20220327,2022-03-27,1,359.32,0.29
1705,9981139,3027,,90,20230716,2023-07-16,9,311.68,0.1
1726,9981160,3038,,606,20231215,2023-12-15,6,669.26,0.38
1732,9981166,2202,,114,20230521,2023-05-21,8,572.26,0.44
1735,9981169,3002,,804,20230210,2023-02-10,8,241.3,0
1743,9981177,2591,407,336,20230506,2023-05-06,6,633.41,0.06
1745,9981179,2406,,336,20231120,2023-11-20,4,28.19,0.19
1789,9981223,2196,,408,20230713,2023-07-13,10,713.3,0.08
1798,9981232,3007,,69,20220727,2022-07-27,6,878.13,0.27
1841,9981275,2612,947,77,20220429,2022-04-29,9,369.2,0.43
1866,9981300,3073,,243,20220716,2022-07-16,2,648.78,0.12
1868,9981302,2732,,845,20230929,2023-09-29,3,711.58,0.38
1877,9981311,2798,778,386,20220212,2022-02-12,7,329.78,0.21
1883,9981317,2893,,149,20220309,2022-03-09,4,350.03,0.28
1888,9981322,2334,,508,20221103,2022-11-03,8,486.43,0.49
1893,9981327,2809,,443,20230125,2023-01-25,7,302.81,0.47
1960,9981394,3053,860,73,,,7,910.4,0.21
1974,9981408,2852,,414,20220425,2022-04-25,3,894.18,0
2000,998344,2557,30,359,20210120,2021-01-20,6,437.57,0.38
15,115038,2243,513,527,20200821,2020-08-21,4,168.06,0.22
36,132784,2588,402,801,20210502,2021-05-02,5,309.12,0.44
54,1455210,2472,124,539,20230712,2023-07-12,7,71.96,0
60,161184,2443,527,189,20200314,2020-03-14,2,470.4,0.16
84,1813375,2375,,419,20220324,2022-03-24,5,645.81,0.12
108,209889,2214,185,256,20210302,2021-03-02,1,698.48,0.28
117,2158219,2967,,441,20220520,2022-05-20,9,551.97,0.07
120,218323,2503,26,435,20200304,2020-03-04,3,583.54,0.42
122,2216869,2661,,325,20230322,2023-03-22,5,807.89,0.34
145,24070,2819,319,538,20200314,2020-03-14,5,340.07,0.41
151,247684,2167,785,89,20211016,2021-10-16,7,392.31,0.29
164,25795,2178,5,855,20200826,2020-08-26,7,672.36,0.37
167,2625131,3042,,711,20230814,2023-08-14,3,835.84,0.45
170,263329,2293,191,688,20200219,2020-02-19,1,841.1,0.36
180,271255,2169,326,381,20210925,2021-09-25,9,409.93,0.1
183,275410,2489,394,668,20200101,2020-01-01,8,388.75,0.02
202,2922433,2951,,668,20230204,2023-02-04,9,776.93,0
208,299481,2468,366,765,20200930,2020-09-30,4,194.7,0.26
210,3008075,2774,,743,20220205,2022-02-05,7,88.22,0.48
247,329177,2405,390,667,20200719,2020-07-19,1,445.22,0.43
256,3443410,2248,,4,20220308,2022-03-08,8,508.31,0.32
259,347224,2520,652,599,20200812,2020-08-12,7,52.47,0.07
274,3592421,2338,,474,20220130,2022-01-30,3,708.83,0.48
280,367249,2190,845,130,20211215,2021-12-15,4,709.52,0.33
308,3873449,2347,,818,20220526,2022-05-26,6,622.71,0.49
319,4003287,2166,,817,20220816,2022-08-16,3,769.66,0.27
326,4075748,2297,,849,20220314,2022-03-14,4,300.49,0
332,4105719,2256,,236,20220808,2022-08-08,8,877.04,0.32
351,427257,2291,12,419,20210724,2021-07-24,7,425.95,0.4
355,431082,2442,179,587,20211124,2021-11-24,5,422.37,0.33
390,4643626,2356,,158,20220106,2022-01-06,9,182.92,0.11
392,4688292,2247,259,212,20220224,2022-02-24,6,334.89,0
411,4854975,2867,,836,20220612,2022-06-12,6,542.24,0.19
467,5256471,2853,,249,20230215,2023-02-15,2,519.75,0.41
491,5461924,2928,,646,,,9,853.12,0.02
510,560850,2341,588,147,20211105,2021-11-05,5,179.22,0.28
511,561067,2308,193,209,20210903,2021-09-03,7,430.71,0.36
518,56524,2586,654,329,20211015,2021-10-15,6,807.22,0.46
522,566489,2205,375,761,20200924,2020-09-24,1,366.63,0.08
531,570897,2216,441,213,20210702,2021-07-02,2,766.2,0.25
532,571042,2942,128,104,20211028,2021-10-28,2,641.25,0.07
535,5721981,2875,,803,20231016,2023-10-16,10,707.44,0.21
539,577038,2364,248,225,20210327,2021-03-27,5,833.11,0.32
544,581972,2416,20,65,20200215,2020-02-15,9,882.92,0.39
546,5834707,2337,,419,20220910,2022-09-10,5,0,0.1
587,619151,2242,247,78,20200528,2020-05-28,6,241.98,0.18
606,6329835,3114,13,680,20231228,2023-12-28,9,219.25,0.12
617,643957,2187,178,460,20210401,2021-04-01,2,671.26,0.34
636,6647078,3079,,669,20230628,2023-06-28,1,514.27,0.12
640,666170,2471,865,433,20200824,2020-08-24,6,25.63,0.33
643,66743,2589,739,821,20201115,2020-11-15,1,5.96,0.09
655,682174,2596,211,32,20210718,2021-07-18,3,309.67,0.08
671,6975519,2945,4,231,20230222,2023-02-22,1,568.97,0.47
673,698299,2775,369,196,20210202,2021-02-02,2,992.41,0.03
704,726061,2188,993,3,20210810,2021-08-10,9,632.12,0.11
736,7544683,3059,,557,20220731,2022-07-31,6,287.84,0.23
739,7561472,2308,,48,20230806,2023-08-06,6,218.72,0.35
752,7662904,2175,,68,20230908,2023-09-08,9,234.21,0.46
766,7797952,2804,,502,,,10,704.97,0
794,8123611,2254,,598,20220215,2022-02-15,2,206.11,0.01
795,8154970,2923,,383,20230920,2023-09-20,1,207.56,0.41
803,822466,2953,914,241,20200905,2020-09-05,3,700.06,0.28
812,827128,2301,262,203,20200729,2020-07-29,2,621.48,0.27
814,828997,2540,940,585,20200613,2020-06-13,5,811.96,0.5
850,852306,2321,195,162,20211028,2021-10-28,5,781.68,0.48
888,894852,2322,851,523,20210310,2021-03-10,4,26.79,0.4
896,9017239,3067,,256,20220429,2022-04-29,1,55.87,0.43
897,9024610,2564,,220,20231009,2023-10-09,6,795.88,0.21
910,9148329,3146,,123,20231004,2023-10-04,1,879.55,0.34
984,987097,2412,271,92,20211210,2021-12-10,1,601.05,0.37
1022,9980456,2828,,187,20231026,2023-10-26,10,336.45,0.29
1034,9980468,2174,,443,20220828,2022-08-28,3,342.89,0.08
1047,9980481,2908,,504,20220301,2022-03-01,8,0,0.02
1064,9980498,2185,,762,20220510,2022-05-10,8,786.2,0.47
1087,9980521,2267,,305,20220924,2022-09-24,4,27.33,0.21
1149,9980583,2788,,376,20220126,2022-01-26,5,760.15,0.41
1153,9980587,2492,,672,20230523,2023-05-23,10,877.73,0.28
1158,9980592,2356,,464,,,4,368.3,0.04
1175,9980609,2749,,284,20220906,2022-09-06,3,533.12,0.27
1178,9980612,2293,,98,20220302,2022-03-02,10,441.1,0.22
1182,9980616,2791,,708,20230613,2023-06-13,4,550.77,0.14
1225,9980659,2825,,249,20231114,2023-11-14,6,857.64,0.26
1280,9980714,2504,,478,20220714,2022-07-14,9,848.42,0.12
1294,9980728,3120,,818,20230516,2023-05-16,7,188.69,0.17
1306,9980740,2517,,380,20230109,2023-01-09,8,779.23,0.34
1332,9980766,2359,,130,20230122,2023-01-22,4,411.54,0.37
1345,9980779,2915,,216,20230824,2023-08-24,4,163.86,0.25
1346,9980780,2847,,404,20220427,2022-04-27,9,637.26,0.48
1361,9980795,2967,,309,20220123,2022-01-23,3,823.41,0.07
1363,9980797,2820,,771,20221125,2022-11-25,4,522.6,0.08
1376,9980810,2836,,834,20230725,2023-07-25,5,789.1,0.28
1397,9980831,2975,,541,20230913,2023-09-13,2,618.45,0.07
1428,9980862,3007,,555,20230115,2023-01-15,4,43.11,0.01
1461,9980895,2204,860,628,20220821,2022-08-21,5,238.71,0.31
1500,9980934,2247,,819,20220705,2022-07-05,9,875.69,0.16
1516,9980950,2473,651,295,20230912,2023-09-12,4,127.52,0.33
1519,9980953,2451,,166,20220715,2022-07-15,1,746.16,0.25
1525,9980959,2724,,744,20230528,2023-05-28,4,75.57,0.17
1539,9980973,3093,,76,20221010,2022-10-10,6,350.06,0.14
1614,9981048,2173,,481,20220805,2022-08-05,4,261.86,0.33
1664,9981098,2793,,131,20221227,2022-12-27,10,75.55,0.05
1688,9981122,2230,,349,20220622,2022-06-22,10,72.61,0.18
1727,9981161,2195,,140,20220721,2022-07-21,4,441.9,0
1742,9981176,2971,,287,20221129,2022-11-29,3,560.05,0.17
1777,9981211,2405,,787,20230608,2023-06-08,8,672.41,0.09
1783,9981217,2159,,492,,,9,238.39,0.5
1802,9981236,2907,,820,20220219,2022-02-19,7,631.05,0.48
1816,9981250,2483,,146,20220825,2022-08-25,8,831.72,0.4
1911,9981345,2892,370,209,20230622,2023-06-22,8,0,0.1
1915,9981349,2926,,419,20231129,2023-11-29,5,151.49,0
1917,9981351,3083,,516,20230603,2023-06-03,5,648.42,0.4
1945,9981379,2709,,249,20230616,2023-06-16,2,580.69,0.01
1947,9981381,2798,,94,20220329,2022-03-29,6,223.96,0.18
1952,9981386,2786,,174,20231222,2023-12-22,7,64.4,0.45
13,113579,2500,808,646,20210526,2021-05-26,8,772.79,0.26
14,1143675,2374,,791,20221005,2022-10-05,3,848.2,0.32
26,1240460,3042,,774,20230412,2023-04-12,2,57.33,0.38
38,1346870,2556,,505,20230524,2023-05-24,3,53.99,0.22
59,1602531,2874,,354,20230621,2023-06-21,4,943.18,0.43
90,190282,2598,59,472,20211018,2021-10-18,3,810.19,0.11
96,1951172,2376,,437,20220412,2022-04-12,10,278.17,0.1
97,196051,2517,27,223,20210423,2021-04-23,3,126.12,0.13
100,199101,2323,380,98,20211209,2021-12-09,1,11.91,0.07
139,2367621,2830,,59,20230713,2023-07-13,1,533.9,0.33
141,237540,2235,257,749,20211016,2021-10-16,2,19.38,0.03
147,245943,2518,460,436,20210813,2021-08-13,4,528.77,0.36
148,2461580,2369,,413,20221114,2022-11-14,4,295.63,0.42
162,254677,2538,204,840,20201011,2020-10-11,6,852.86,0.45
166,2601643,2175,,787,20230828,2023-08-28,8,678.62,0.3
192,280159,2377,855,692,20200928,2020-09-28,7,594.14,0.31
216,3054557,3112,,229,20220716,2022-07-16,4,397.75,0.18
240,3230987,2104,,211,20220605,2022-06-05,1,804.84,0.44
246,329126,2552,79,449,20200713,2020-07-13,7,738.2,0.49
283,369952,2467,731,748,20210320,2021-03-20,1,239.24,0.12
292,3761720,3033,,342,20230419,2023-04-19,3,788.86,0.09
305,3858472,2309,,511,20230808,2023-08-08,1,456.98,0.01
310,390867,2168,990,809,20210909,2021-09-09,6,299.7,0.28
317,3979509,2764,77,727,20230429,2023-04-29,3,416,0
321,4037167,2887,1001,809,20230917,2023-09-17,9,777.56,0.14
329,408630,2312,138,178,20200601,2020-06-01,1,522.48,0.44
353,430394,2238,133,16,20200510,2020-05-10,7,735.46,0.07
361,435914,2299,14,621,20210319,2021-03-19,6,344.76,0.34
365,4396881,2373,,225,20230129,2023-01-29,9,210.54,0.14
372,4493427,2866,,141,20220928,2022-09-28,2,496.84,0.29
401,474880,2731,656,674,20210828,2021-08-28,5,190.8,0.22
409,48312,2449,201,606,20210726,2021-07-26,4,425.58,0.11
440,504788,2239,189,15,20210430,2021-04-30,9,184.2,0.19
468,5258617,2351,,208,20220817,2022-08-17,3,729.52,0.5
500,5535122,3066,,355,20230416,2023-04-16,7,515.61,0.2
529,569953,2534,600,122,20210320,2021-03-20,4,662.25,0.14
534,571991,2482,733,769,20201218,2020-12-18,8,583.33,0.44
556,5944140,2837,,181,,,1,991.55,0.33
601,629684,2148,507,588,20210329,2021-03-29,8,859.73,0.39
642,666477,2466,129,670,20200510,2020-05-10,7,948.12,0.04
646,6703646,3148,914,342,20231005,2023-10-05,8,832.88,0.46
659,687009,2487,912,677,20201009,2020-10-09,4,597,0.03
666,696018,2444,392,379,20201217,2020-12-17,5,29.98,0.2
667,696296,2274,444,49,20211203,2021-12-03,1,457.81,0.43
675,699372,2356,445,222,20200714,2020-07-14,1,487.3,0.45
683,7072295,3013,,234,20220708,2022-07-08,10,108.82,0
695,71746,2421,729,325,20210531,2021-05-31,6,463.57,0.28
713,729227,2583,946,827,20200415,2020-04-15,2,448.96,0.1
727,745398,2226,10,33,20200229,2020-02-29,6,714.51,0.08
740,7578937,2772,658,121,20230908,2023-09-08,5,297.82,0.08
741,7583179,2711,,62,,,3,239.94,0.48
768,780303,2365,267,740,20200630,2020-06-30,6,897.38,0.49
789,8079545,2711,,33,20231108,2023-11-08,10,348.43,0.1
796,8171265,2193,,786,20221224,2022-12-24,4,341.75,0
821,833929,2415,198,833,20201113,2020-11-13,8,884.79,0.31
827,83949,2183,659,711,20210211,2021-02-11,6,272.17,0.41
834,8460508,2900,,624,20220206,2022-02-06,8,888.22,0.41
872,8796946,2897,,141,20231011,2023-10-11,4,617.19,0.06
874,882162,2808,657,582,20200806,2020-08-06,4,115.54,0.44
875,884705,2304,137,601,20200716,2020-07-16,3,579.27,0.09
876,887018,2481,1005,77,20200710,2020-07-10,6,149.37,0.27
895,901113,2398,320,172,20201115,2020-11-15,5,15.89,0.42
902,905367,2213,994,365,20200222,2020-02-22,4,79.46,0.18
909,9122732,2303,,790,20220604,2022-06-04,2,252.95,0.38
915,9187094,2652,,659,20230220,2023-02-20,8,346.95,0.19
927,927481,2642,181,813,20210316,2021-03-16,9,561.83,0.18
937,933756,2505,809,515,20200414,2020-04-14,6,973.1,0.07
939,93687,2316,264,410,20211027,2021-10-27,8,114.02,0.18
943,9424261,2646,,675,20220519,2022-05-19,9,921.6,0.16
947,945904,2324,381,713,20210131,2021-01-31,1,642.92,0.1
990,9931177,2971,,215,20230630,2023-06-30,1,313.17,0.33
993,994029,2137,782,476,20201224,2020-12-24,2,163.01,0.43
1004,9980438,2994,,240,20220116,2022-01-16,8,507.4,0.15
1009,9980443,2288,,300,20220117,2022-01-17,5,965.93,0.02
1016,9980450,2809,,92,20230228,2023-02-28,5,389.05,0.33
1041,9980475,2823,,690,20230104,2023-01-04,1,142.36,0.41
1044,9980478,2458,,116,20220919,2022-09-19,1,236.27,0.08
1069,9980503,2103,,110,20220713,2022-07-13,3,82.69,0.05
1078,9980512,2990,,681,20231102,2023-11-02,9,0,0.49
1091,9980525,2423,,52,20231213,2023-12-13,2,63.63,0.11
1103,9980537,2909,,720,20231112,2023-11-12,5,362.72,0.49
1105,9980539,2745,,160,20230613,2023-06-13,10,585.24,0.38
1107,9980541,2911,,449,20220121,2022-01-21,1,947.89,0.2
1135,9980569,2181,,274,20221211,2022-12-11,9,919.43,0.47
1145,9980579,2647,,584,20221023,2022-10-23,10,674.94,0.23
1154,9980588,3121,,326,20231109,2023-11-09,7,22.37,0.48
1164,9980598,2670,,607,20230804,2023-08-04,3,8.02,0.37
1216,9980650,2796,,518,20220929,2022-09-29,6,230.65,0.35
1237,9980671,2310,,863,20220527,2022-05-27,8,854.47,0.04
1262,9980696,2519,,796,20220305,2022-03-05,7,742.69,0.09
1263,9980697,2624,,663,20220301,2022-03-01,4,933.38,0.47
1275,9980709,2299,,544,20230806,2023-08-06,10,555.82,0.48
1329,9980763,2515,,774,20230927,2023-09-27,9,565.1,0.32
1354,9980788,2572,,749,20230830,2023-08-30,1,396.35,0.1
1366,9980800,2432,,523,20230429,2023-04-29,10,376.91,0.23
1381,9980815,2550,,506,20220128,2022-01-28,5,598.59,0.21
1382,9980816,2442,,724,20220131,2022-01-31,1,864.79,0.22
1387,9980821,3049,,695,20220914,2022-09-14,8,6.1,0.41
1435,9980869,2226,,656,20230102,2023-01-02,7,363,0.41
1482,9980916,3044,,774,20230409,2023-04-09,3,507.48,0.08
1490,9980924,2612,88,143,20231210,2023-12-10,8,771.27,0.46
1491,9980925,2456,,474,20230107,2023-01-07,2,210.49,0.47
1502,9980936,2888,,302,20220425,2022-04-25,7,913.25,0
1504,9980938,2957,,49,20221214,2022-12-14,1,863.78,0.1
1513,9980947,2789,,731,20230709,2023-07-09,1,45.88,0.13
1517,9980951,2335,,724,,,2,220.78,0.3
1553,9980987,2390,,376,20231029,2023-10-29,3,513.08,0.34
1554,9980988,2228,,757,20230908,2023-09-08,7,739.2,0.03
1558,9980992,2968,785,268,20230809,2023-08-09,6,486.21,0.23
1564,9980998,2560,,248,20220414,2022-04-14,1,540.5,0.15
1575,9981009,2925,,445,20220611,2022-06-11,7,668.19,0.27
1597,9981031,2205,,842,20231121,2023-11-21,8,911.57,0.21
1612,9981046,2336,,720,20220429,2022-04-29,4,20.84,0.02
1621,9981055,2421,,831,20230415,2023-04-15,7,243.77,0.16
1649,9981083,2634,,126,20220725,2022-07-25,7,130.51,0.2
1663,9981097,2274,,150,20230417,2023-04-17,6,853.74,0.08
1666,9981100,2184,,232,20230131,2023-01-31,3,0,0.46
1673,9981107,2747,,719,20220831,2022-08-31,8,525.72,0.41
1691,9981125,3121,,55,20221214,2022-12-14,9,96,0.2
1695,9981129,2772,,458,20220816,2022-08-16,9,955.57,0.21
1703,9981137,2988,,819,20221212,2022-12-12,5,76.81,0.06
1728,9981162,2442,,735,20221116,2022-11-16,5,76.35,0.11
1731,9981165,3090,,309,20231225,2023-12-25,6,318.7,0.26
1740,9981174,2720,,15,20220202,2022-02-02,4,376.6,0.16
1744,9981178,2409,,581,20221006,2022-10-06,10,731.08,0.47
1755,9981189,2764,,315,20230505,2023-05-05,4,487.36,0.22
1767,9981201,2722,,446,20220409,2022-04-09,9,487.06,0.47
1769,9981203,2303,,78,20230227,2023-02-27,10,905.78,0.48
1771,9981205,3026,,408,20220615,2022-06-15,6,453.59,0.16
1784,9981218,2774,,681,20230126,2023-01-26,1,55.28,0.45
1788,9981222,2512,,657,20230730,2023-07-30,3,725.33,0.02
1836,9981270,3037,,547,20230514,2023-05-14,7,84.35,0.14
1855,9981289,2370,,665,20230520,2023-05-20,9,204.52,0.43
1856,9981290,2643,,385,20221214,2022-12-14,5,737.15,0.1
1867,9981301,2679,,309,20230403,2023-04-03,8,293.85,0.47
1876,9981310,2878,,191,20231123,2023-11-23,7,0,0.26
1882,9981316,2835,,102,20220119,2022-01-19,9,925.41,0.03
1932,9981366,2537,,699,,,3,884.32,0.03
1948,9981382,3091,,449,20220913,2022-09-13,3,0,0.31
1953,9981387,2342,,788,20230401,2023-04-01,3,522,0.29
1985,9981419,2302,,368,20230925,2023-09-25,3,772.03,0.16
11,1090171,2162,,389,20230215,2023-02-15,9,890.6,0.21
17,1161843,2191,,493,20220423,2022-04-23,5,908.55,0.44
29,1252096,2619,,693,20230421,2023-04-21,4,580.72,0.09
42,1403288,2694,,673,20230127,2023-01-27,3,73.11,0.17
81,1779746,2502,,641,20220418,2022-04-18,10,99.18,0.44
128,2272260,2166,,588,20220202,2022-02-02,6,749.38,0.35
132,232644,2386,857,799,20210315,2021-03-15,4,288.55,0.45
163,2556761,2300,,177,20231124,2023-11-24,8,498.13,0.39
171,263398,2441,1003,797,20210930,2021-09-30,3,526.74,0.1
177,2690614,2245,,124,20231204,2023-12-04,5,127.97,0.37
193,2819494,2824,,338,20221029,2022-10-29,6,596.58,0.33
198,288747,2448,200,302,20201015,2020-10-15,4,35.94,0.11
265,3503030,2257,,282,20230217,2023-02-17,7,685.32,0.19
273,35626,2591,947,588,20210601,2021-06-01,1,376.74,0.28
298,3820731,2308,285,579,20220801,2022-08-01,5,605.47,0.18
325,4056052,2678,,113,20220619,2022-06-19,9,0,0.1
339,4167268,2771,,309,20220706,2022-07-06,1,495.86,0.39
348,4213391,2577,,396,20220623,2022-06-23,1,809.2,0.17
398,4713804,2352,,707,20220621,2022-06-21,3,782.03,0.23
463,523222,2409,575,157,20211206,2021-12-06,9,134.44,0.38
479,532425,2342,649,785,20200806,2020-08-06,4,825.54,0.03
495,551462,2537,939,630,20210818,2021-08-18,8,840.34,0
498,5533524,3001,,391,20220505,2022-05-05,1,982.64,0.06
504,55586,2417,448,407,20200319,2020-03-19,4,969.85,0.06
527,568547,2346,73,244,20211028,2021-10-28,2,549.24,0.08
533,571703,2964,2,340,20200802,2020-08-02,3,573.09,0.37
542,580282,2374,591,285,20200117,2020-01-17,8,332.09,0.19
548,5859499,2452,,179,20230320,2023-03-20,6,349.74,0.39
549,586124,2525,76,134,20210505,2021-05-05,3,639.66,0.18
550,5874060,2540,,400,20231012,2023-10-12,3,862.48,0.31
589,6214757,2411,,846,20220601,2022-06-01,1,280.82,0.48
611,638730,2277,996,116,20210525,2021-05-25,1,377.38,0.02
612,638958,2564,321,383,20210626,2021-06-26,9,797.62,0.24
633,6570560,2748,,823,20230504,2023-05-04,2,318.91,0.43
662,692649,2568,206,248,20200701,2020-07-01,5,785.7,0.33
663,6946440,2584,,497,20230527,2023-05-27,5,443.49,0.48
687,708613,2222,255,209,20210518,2021-05-18,4,595.19,0.19
743,759609,2352,1001,74,20201209,2020-12-09,8,124.21,0.21
781,7990803,2839,,538,20230623,2023-06-23,2,242.84,0
784,80068,3019,372,639,20200607,2020-06-07,3,276.04,0.41
801,8202392,3023,,804,20221125,2022-11-25,1,0,0.14
836,846665,2511,598,354,20200426,2020-04-26,2,436.81,0.07
855,854269,2310,333,826,20211221,2021-12-21,2,421.06,0.31
868,8742051,2358,,822,20220111,2022-01-11,1,637.39,0.28
887,893728,2521,811,473,20210421,2021-04-21,9,877.56,0.22
904,906076,2631,60,442,20200203,2020-02-03,1,850.68,0.15
907,910428,2530,737,260,20210303,2021-03-03,2,117.32,0.28
928,927633,2573,944,717,20200222,2020-02-22,9,802.65,0.22
948,946759,2271,190,473,20200326,2020-03-26,2,616.27,0.1
978,979242,2177,844,731,20210804,2021-08-04,9,590.66,0.07
1039,9980473,2204,,280,20230414,2023-04-14,3,876.01,0.09
1054,9980488,2989,,599,20231003,2023-10-03,5,443.98,0.43
1055,9980489,2902,,510,,,10,729.63,0.34
1083,9980517,2709,,804,20230814,2023-08-14,8,712.02,0.31
1172,9980606,2779,,592,,,9,386.61,0.19
1191,9980625,2414,,233,20230126,2023-01-26,8,484.41,0.27
1233,9980667,2503,,472,20220831,2022-08-31,10,683.71,0.46
1242,9980676,2453,,290,20230613,2023-06-13,7,699.33,0.01
1257,9980691,2471,,102,20230708,2023-07-08,4,0,0.41
1270,9980704,3134,,520,20220226,2022-02-26,9,980.62,0.06
1277,9980711,2329,,92,20220720,2022-07-20,5,243.55,0
1291,9980725,2498,,230,20230114,2023-01-14,7,586.99,0.22
1299,9980733,2770,,514,20221122,2022-11-22,8,531.78,0.28
1304,9980738,2102,,337,,,7,682.21,0.42
1320,9980754,2168,,840,20231126,2023-11-26,3,847.06,0
1336,9980770,2603,,542,20230614,2023-06-14,10,184.34,0.14
1353,9980787,3092,,114,20231228,2023-12-28,5,417.45,0.06
1409,9980843,2789,,798,20220923,2022-09-23,10,0,0.42
1410,9980844,2173,,350,20220923,2022-09-23,1,58.83,0
1411,9980845,2823,,317,20231209,2023-12-09,4,885.36,0.31
1413,9980847,2458,,776,20220702,2022-07-02,2,774.48,0.26
1414,9980848,2361,,78,20230522,2023-05-22,10,722.25,0.31
1425,9980859,2752,,510,20230314,2023-03-14,1,617.37,0.22
1445,9980879,3151,,659,20220119,2022-01-19,8,910.36,0.09
1447,9980881,2459,,287,20230729,2023-07-29,4,935.32,0.5
1455,9980889,3069,,836,20221011,2022-10-11,7,475.86,0.09
1476,9980910,2851,,662,20220604,2022-06-04,7,10.56,0.3
1493,9980927,2732,,636,20220122,2022-01-22,4,54.77,0.38
1511,9980945,2777,,780,20220110,2022-01-10,4,359.48,0.17
1537,9980971,2542,,75,20221104,2022-11-04,7,506.92,0.28
1589,9981023,2849,,526,20220430,2022-04-30,9,32.45,0.04
1590,9981024,2586,,801,20221207,2022-12-07,4,418.51,0.09
1607,9981041,2905,,335,20220712,2022-07-12,9,673.89,0.06
1608,9981042,3146,,161,20220412,2022-04-12,3,95.57,0.23
1611,9981045,2465,,242,20220825,2022-08-25,2,914.17,0.05
1644,9981078,2668,,43,20230222,2023-02-22,10,0,0.13
1655,9981089,2188,,296,20220928,2022-09-28,2,509.46,0.08
1668,9981102,2762,,535,20220528,2022-05-28,10,71.46,0.2
1677,9981111,2126,,322,20220421,2022-04-21,10,447.08,0.36
1699,9981133,2212,,612,20230311,2023-03-11,3,902.66,0.23
1702,9981136,2324,,45,20221128,2022-11-28,9,607.78,0.2
1706,9981140,2807,709,468,20220422,2022-04-22,4,522.96,0.42
1717,9981151,2432,272,236,20230803,2023-08-03,7,981.78,0.23
1738,9981172,2504,,217,20221224,2022-12-24,5,340.18,0.15
1759,9981193,2318,,319,20220527,2022-05-27,1,859.87,0.24
1790,9981224,2913,,521,20230712,2023-07-12,9,69.79,0.02
1799,9981233,2792,,72,20221108,2022-11-08,8,240.84,0.22
1824,9981258,3080,,825,20220107,2022-01-07,9,20.15,0.23
1828,9981262,2450,,213,20220307,2022-03-07,10,821.5,0.2
1840,9981274,2864,,261,20220429,2022-04-29,9,248.46,0.02
1844,9981278,2197,,220,20220226,2022-02-26,9,596.32,0.19
1878,9981312,2938,,336,20221118,2022-11-18,10,513.56,0.22
1891,9981325,2316,,188,20230401,2023-04-01,5,620.28,0.02
1901,9981335,2741,,269,20230507,2023-05-07,6,0,0.41
1904,9981338,2795,,140,20220217,2022-02-17,7,489.75,0.23
1918,9981352,2499,,485,20231211,2023-12-11,2,379.88,0.44
1936,9981370,2824,,739,20230411,2023-04-11,5,168.38,0.31
1951,9981385,3132,,353,20231008,2023-10-08,3,820.86,0.4
1978,9981412,2287,,238,20230806,2023-08-06,3,814.81,0.19
1993,9981427,3061,,827,20231118,2023-11-18,2,0,0.2
78,1765054,2988,,259,20220117,2022-01-17,3,137.02,0.45
83,180229,2173,509,180,20210531,2021-05-31,8,589.1,0.29
88,1864067,2636,,262,20231117,2023-11-17,5,797.87,0
101,199602,2653,61,55,20200727,2020-07-27,2,226.54,0.37
112,2116490,2477,667,839,20221105,2022-11-05,6,167.63,0.44
116,215481,2572,943,18,20200302,2020-03-02,7,517.52,0.1
124,2235246,2707,,564,20220511,2022-05-11,5,715.11,0.02
135,235333,2258,514,458,20210619,2021-06-19,6,313.98,0.2
143,2382232,3013,371,80,20220612,2022-06-12,1,296.77,0.02
144,2395256,2706,,529,20230813,2023-08-13,5,590.33,0.26
154,248739,2569,873,569,20200218,2020-02-18,7,48.03,0.08
172,263406,2478,932,764,20210722,2021-07-22,7,302.17,0.2
175,268749,2595,812,862,20200708,2020-07-08,8,193.94,0.06
206,2963548,2720,,687,20230101,2023-01-01,9,541.16,0.39
230,313679,2391,268,24,20211102,2021-11-02,1,544.47,0.31
254,342057,2283,997,2,20210101,2021-01-01,6,259.45,0.18
267,3519085,2925,,276,20231227,2023-12-27,8,442.31,0.21
293,378545,2309,780,660,20200614,2020-06-14,9,211.15,0.37
341,418363,2361,18,802,20200527,2020-05-27,5,892.36,0.42
378,4532918,2949,,590,20221206,2022-12-06,10,636.49,0.46
410,4853347,2976,,103,20220610,2022-06-10,5,118.17,0.17
414,4894728,2467,,395,20231227,2023-12-27,1,948.32,0.04
431,5002138,2725,,613,20230820,2023-08-20,1,777.06,0.1
437,503290,2102,708,160,20201011,2020-10-11,8,49.72,0.5
438,5039228,2304,,471,20220424,2022-04-24,8,996.13,0.45
471,528,2578,464,684,20200921,2020-09-21,2,585.49,0.13
492,5487926,3049,31,232,20230209,2023-02-09,2,990.63,0.17
519,565388,2456,202,112,20210320,2021-03-20,9,638.47,0.19
523,566587,2527,461,301,20211005,2021-10-05,1,44.13,0.21
538,575429,2337,727,770,20201016,2020-10-16,1,428.76,0.02
563,5968076,2185,,134,20230111,2023-01-11,7,135.39,0.18
571,606441,2593,739,418,20200625,2020-06-25,4,355.78,0.13
580,6137932,2951,,496,20230721,2023-07-21,8,298.29,0.35
585,61634,2303,71,155,20200407,2020-04-07,6,146.33,0.14
586,618082,2820,985,523,20210606,2021-06-06,4,24.05,0.4
605,632078,2544,78,771,20210109,2021-01-09,1,404.7,0.29
621,647986,2255,259,404,20200623,2020-06-23,9,571.09,0.08
624,649951,2296,517,35,20211112,2021-11-12,9,226.58,0.3
630,655699,2269,261,192,20210625,2021-06-25,6,730.94,0.1
638,665356,2786,436,563,20210106,2021-01-06,5,885.04,0.16
672,6978833,2255,,382,20221213,2022-12-13,4,927.35,0.04
680,7061323,2954,,729,20230329,2023-03-29,4,31.78,0.28
685,707325,2536,601,534,20201114,2020-11-14,3,715.6,0.2
698,7195633,2291,,861,20221031,2022-10-31,4,753.24,0.08
716,732408,2171,577,598,20200202,2020-02-02,7,62.47,0.44
731,7495779,2565,,307,20230706,2023-07-06,9,0,0.48
737,754850,2256,789,576,20201002,2020-10-02,5,588.44,0.38
750,764589,2259,583,405,20201006,2020-10-06,7,287.94,0.05
755,767655,2335,852,444,20201206,2020-12-06,3,904,0.32
758,7703789,2253,589,47,20221202,2022-12-02,10,302.97,0.47
761,7734859,2644,,836,20220815,2022-08-15,8,467.96,0.33
804,8238315,2354,,174,20230628,2023-06-28,8,854.62,0.17
807,8251555,2515,,609,20231224,2023-12-24,4,503.9,0.2
857,8587297,2862,,264,20230528,2023-05-28,3,124.9,0.25
858,8588054,3146,,716,20231021,2023-10-21,2,863.99,0.15
899,904530,3008,716,233,20210617,2021-06-17,8,28.36,0.06
908,9113971,3034,,336,20220721,2022-07-21,5,702.1,0.45
936,9336206,2382,,567,20220321,2022-03-21,4,937.52,0.35
942,9421968,2952,,243,20220310,2022-03-10,3,247.84,0.08
944,9429862,2211,,463,20230510,2023-05-10,4,658.82,0.05
951,949349,2407,524,531,20201225,2020-12-25,8,256.24,0.15
954,950120,2764,368,277,20211126,2021-11-26,9,282.33,0.28
966,969073,2339,853,838,20201119,2020-11-19,2,771.04,0.2
973,975362,2286,331,756,20200302,2020-03-02,3,732.03,0.1
976,977757,2325,519,325,20210109,2021-01-09,8,955.07,0.3
977,978720,2708,711,72,20201201,2020-12-01,2,751.17,0.32
981,9823273,2845,,331,20230809,2023-08-09,8,497.33,0.26
1019,9980453,2219,,849,20230128,2023-01-28,1,90.71,0.47
1021,9980455,2385,,351,20230902,2023-09-02,3,519.47,0.01
1038,9980472,2546,,654,20230627,2023-06-27,4,561.11,0.03
1043,9980477,2850,,193,20220408,2022-04-08,8,462.64,0.32
1071,9980505,2932,,154,20220613,2022-06-13,9,696.8,0.06
1118,9980552,2391,,492,20220206,2022-02-06,4,96.22,0.17
1125,9980559,2916,,67,20220427,2022-04-27,3,514.61,0.1
1130,9980564,2245,,117,20230228,2023-02-28,5,121.69,0.37
1140,9980574,2559,,335,20230216,2023-02-16,3,795.96,0.18
1141,9980575,2872,,481,20231017,2023-10-17,10,806.16,0.26
1236,9980670,2616,,739,20220123,2022-01-23,7,435.08,0.38
1250,9980684,3125,791,160,20230813,2023-08-13,9,148.63,0.28
1264,9980698,2314,,183,20230607,2023-06-07,5,84.2,0.05
1310,9980744,2415,,692,20220627,2022-06-27,4,302.63,0.41
1322,9980756,2602,,193,20230212,2023-02-12,6,291.31,0.42
1323,9980757,2192,,799,20220911,2022-09-11,7,6.18,0.27
1341,9980775,2682,,87,20231006,2023-10-06,6,19.69,0.24
1344,9980778,2783,,320,20231214,2023-12-14,1,273.17,0.13
1351,9980785,2672,,361,20230703,2023-07-03,10,0,0
1388,9980822,2712,,668,20221210,2022-12-10,8,72.99,0.24
1395,9980829,2169,,262,20220519,2022-05-19,9,653.03,0.1
1399,9980833,3036,,273,20230928,2023-09-28,1,47.67,0.49
1421,9980855,2505,,470,20231115,2023-11-15,1,624.02,0.1
1442,9980876,2362,,608,20230507,2023-05-07,3,152.27,0.21
1448,9980882,2840,,670,20231222,2023-12-22,6,20.45,0.12
1460,9980894,2730,,692,,,8,548.84,0.18
1468,9980902,3151,920,418,20230922,2023-09-22,7,625.72,0.44
1488,9980922,2767,,345,20221221,2022-12-21,6,0,0.33
1489,9980923,2316,,411,20221112,2022-11-12,5,450.35,0.37
1506,9980940,2757,,265,20230603,2023-06-03,7,505.65,0.08
1509,9980943,2328,,224,20230405,2023-04-05,4,0,0.46
1518,9980952,2786,,237,20220210,2022-02-10,2,695.62,0.25
1529,9980963,3037,,138,20231225,2023-12-25,6,945.4,0.22
1570,9981004,2919,,864,20230216,2023-02-16,3,248.37,0.13
1573,9981007,3148,,366,20230125,2023-01-25,5,793.27,0.42
1583,9981017,2436,,279,20231102,2023-11-02,10,446.89,0.28
1595,9981029,2699,,697,20230120,2023-01-20,2,316.32,0.08
1602,9981036,2338,,606,20230919,2023-09-19,5,64.97,0.01
1623,9981057,2794,,100,,,5,520.12,0.29
1690,9981124,3110,,512,20220408,2022-04-08,10,770.74,0.07
1697,9981131,2599,,663,20220719,2022-07-19,3,0,0.35
1700,9981134,2567,,425,20220720,2022-07-20,9,327.33,0.39
1713,9981147,2601,152,245,20231103,2023-11-03,8,109.17,0.43
1752,9981186,2638,,133,20230728,2023-07-28,7,8.34,0.24
1761,9981195,2161,,858,20230927,2023-09-27,5,63.26,0.02
1766,9981200,2849,,631,20220211,2022-02-11,2,380.89,0.02
1778,9981212,2637,,428,20220812,2022-08-12,3,539.58,0.45
1830,9981264,2896,,12,20221119,2022-11-19,8,935.69,0.29
1860,9981294,2377,877,759,20230828,2023-08-28,6,636.87,0.22
1865,9981299,2818,,455,,,4,631.81,0.21
1881,9981315,2891,,772,20220704,2022-07-04,6,805.14,0.46
1906,9981340,2707,,769,20230117,2023-01-17,6,98.69,0.22
1923,9981357,2551,,594,20220108,2022-01-08,5,854.43,0.25
1933,9981367,3071,,666,20231104,2023-11-04,5,797.96,0
1965,9981399,3008,,760,20230906,2023-09-06,6,0,0.37
1976,9981410,2750,,46,,,6,0,0.38
16,115377,2709,182,506,20200723,2020-07-23,5,399.04,0.34
23,1220025,2197,,429,20220311,2022-03-11,1,107.04,0.26
25,122864,3086,717,678,20210507,2021-05-07,8,972.47,0.5
34,130179,2376,122,173,20210824,2021-08-24,6,101.91,0.2
41,137888,2272,584,489,20200926,2020-09-26,6,618.72,0.34
45,1412177,2337,,30,,,4,636.86,0.44
48,1442487,2588,,847,20230115,2023-01-15,6,408.78,0.43
80,1778649,2944,,442,20231008,2023-10-08,4,834.09,0.01
157,250710,2195,511,682,20200812,2020-08-12,6,685.53,0.37
191,280130,2445,393,539,20200214,2020-02-14,3,321.08,0.17
195,287222,2561,942,827,20211130,2021-11-30,8,541.27,0.35
248,3299848,2576,,22,20220116,2022-01-16,9,679.01,0.25
250,33280,2257,377,464,20210728,2021-07-28,6,127.63,0.21
268,3523761,2775,,568,20231116,2023-11-16,1,347.78,0.37
336,415028,2592,874,337,20210307,2021-03-07,4,917.35,0.02
352,4296508,2908,,156,20231011,2023-10-11,3,933.56,0.17
402,475371,2174,373,220,20201020,2020-10-20,5,237.01,0.22
441,5069467,2870,,68,20231103,2023-11-03,3,87.4,0.43
455,515017,2539,397,378,20200820,2020-08-20,3,989.05,0.26
460,520158,2358,926,27,20210218,2021-02-18,8,284.73,0.24
470,5279073,2436,,144,20221108,2022-11-08,4,995.64,0.01
473,5285877,2357,,364,20230530,2023-05-30,2,149.39,0.3
480,5352337,2255,,349,,,10,70.12,0
503,5555205,2933,,27,20230826,2023-08-26,5,976.23,0
505,5580465,2827,,808,20221004,2022-10-04,4,263.62,0.27
526,5674933,2362,,226,20230607,2023-06-07,6,508.4,0.31
561,5958809,2921,,762,20230116,2023-01-16,6,34.81,0.09
562,5959320,2166,,208,20221101,2022-11-01,1,373.15,0.18
579,6117287,2497,,282,20220315,2022-03-15,2,204.01,0.08
584,6160466,2836,,310,20231208,2023-12-08,10,668.66,0.02
590,621987,2594,740,618,20210723,2021-07-23,6,817.9,0.33
600,62922,2549,533,551,20200702,2020-07-02,8,634.6,0.49
603,6316158,2740,,310,20220329,2022-03-29,3,772.5,0.26
645,6701515,2757,,647,20230924,2023-09-24,2,0,0.29
647,6729936,3044,,271,20231022,2023-10-22,4,127.01,0.26
657,684924,2559,277,114,20200307,2020-03-07,8,362.32,0.03
674,6989689,2259,,357,20230905,2023-09-05,2,806.52,0.47
690,7112085,3149,,703,20231017,2023-10-17,5,452.39,0.29
692,713655,2475,123,694,20211226,2021-12-26,5,685.73,0.04
699,7200682,2587,,449,20230107,2023-01-07,7,228.75,0.07
725,7451495,2782,,530,20221218,2022-12-18,9,506.72,0.15
771,783950,2295,192,264,20200114,2020-01-14,6,159.48,0.45
772,78832,2228,580,163,20210607,2021-06-07,7,986.39,0.46
782,7997997,2895,,443,20220819,2022-08-19,2,812.97,0.32
817,8326012,2165,,581,20220406,2022-04-06,9,605.22,0.36
851,8529279,2904,,376,20230324,2023-03-24,2,88.66,0.39
854,853979,2179,992,647,20211015,2021-10-15,9,178.54,0.24
892,898452,2483,933,694,20210412,2021-04-12,5,716.32,0.38
903,905505,2288,792,479,20201017,2020-10-17,1,148.37,0.42
912,9173493,2429,,455,20220318,2022-03-18,10,943.09,0.29
918,9206070,2788,,600,20230226,2023-02-26,4,768.22,0
919,9217831,2996,,747,20220518,2022-05-18,9,884.58,0.14
959,958485,2104,506,88,20210422,2021-04-22,4,570.42,0.27
968,9705346,2815,85,785,20230907,2023-09-07,8,135.24,0
974,9758920,3068,,739,20230925,2023-09-25,6,477.68,0.15
979,9795547,2799,,254,20230925,2023-09-25,1,767.61,0.08
982,9825736,2514,,862,20221230,2022-12-30,4,509.55,0
1000,9980434,2325,,373,20221218,2022-12-18,4,790.71,0.23
1008,9980442,2285,,415,20220406,2022-04-06,9,98.86,0.1
1045,9980479,2566,,677,20220910,2022-09-10,10,708.91,0.09
1056,9980490,3073,,829,20220205,2022-02-05,2,602.05,0.11
1082,9980516,2683,,294,20230517,2023-05-17,10,249.96,0.1
1089,9980523,2546,,50,20220416,2022-04-16,5,378.69,0.27
1092,9980526,2353,,377,20221022,2022-10-22,1,644.02,0.03
1096,9980530,2326,,507,20230620,2023-06-20,2,339.62,0.05
1098,9980532,2698,,586,20220221,2022-02-21,3,0,0.47
1139,9980573,2438,,226,20221217,2022-12-17,7,598.83,0.15
1171,9980605,2214,,308,20230320,2023-03-20,8,0,0.41
1186,9980620,2673,,459,20230725,2023-07-25,2,639.45,0.02
1200,9980634,3124,,849,20220811,2022-08-11,9,371.05,0.07
1204,9980638,2754,,509,20220816,2022-08-16,8,232.03,0
1222,9980656,2808,,323,20220714,2022-07-14,8,114.36,0.38
1247,9980681,2827,,456,20231120,2023-11-20,5,219.51,0.04
1260,9980694,2905,,423,20220403,2022-04-03,5,487.23,0.17
1287,9980721,2895,,255,20220730,2022-07-30,7,549.71,0.31
1295,9980729,2941,,247,20220324,2022-03-24,4,206.17,0.36
1325,9980759,2270,662,110,20220905,2022-09-05,2,689.41,0.14
1327,9980761,3105,,309,20221229,2022-12-29,10,870.08,0.03
1359,9980793,3138,,226,20230525,2023-05-25,9,118.18,0.34
1368,9980802,3093,,195,20220312,2022-03-12,6,557.25,0.27
1407,9980841,2256,,741,,,8,339.29,0
1472,9980906,2843,,84,20231128,2023-11-28,8,135.32,0.38
1499,9980933,3065,,54,20220614,2022-06-14,1,471.29,0.03
1526,9980960,2238,,393,20220822,2022-08-22,4,625.46,0.13
1527,9980961,2747,,804,20231009,2023-10-09,8,979.77,0.46
1531,9980965,2622,,497,20230724,2023-07-24,10,66.56,0.31
1538,9980972,2713,,767,20220505,2022-05-05,2,823.03,0.36
1541,9980975,2310,,60,20220620,2022-06-20,4,204.01,0.39
1546,9980980,2328,,85,20220421,2022-04-21,1,563.16,0.3
1571,9981005,2354,,353,20231025,2023-10-25,6,876.02,0.45
1615,9981049,2693,,802,20220817,2022-08-17,7,188.13,0.14
1631,9981065,2392,,628,20231106,2023-11-06,6,618.27,0.17
1635,9981069,2105,,753,20230717,2023-07-17,10,516.91,0.2
1639,9981073,2789,925,568,,,6,95.11,0.36
1647,9981081,2226,,50,20221203,2022-12-03,9,790.02,0.31
1661,9981095,2438,,808,20231022,2023-10-22,2,473.76,0.29
1665,9981099,3084,,609,20220104,2022-01-04,9,491.98,0.06
1667,9981101,2246,,574,20221126,2022-11-26,6,266.76,0.4
1670,9981104,2866,,319,20230702,2023-07-02,1,368.97,0.27
1674,9981108,2337,,568,20221012,2022-10-12,1,185.67,0.39
1715,9981149,2856,,173,20231029,2023-10-29,1,152.09,0.31
1718,9981152,2617,,603,20220528,2022-05-28,3,964.26,0.22
1733,9981167,2404,,286,20220708,2022-07-08,3,266.71,0.33
1786,9981220,2652,,796,20220113,2022-01-13,5,722.59,0.32
1811,9981245,2196,,214,20220815,2022-08-15,1,92.46,0.19
1831,9981265,2951,,817,20220531,2022-05-31,5,306.68,0.2
1880,9981314,2282,,169,20220420,2022-04-20,4,636.06,0.23
1890,9981324,3129,,786,20221119,2022-11-19,2,715.07,0.34
1899,9981333,2758,,607,20220409,2022-04-09,2,215.74,0.44
1909,9981343,3104,,534,20220715,2022-07-15,1,156.68,0.33
1910,9981344,2695,215,186,20220706,2022-07-06,7,0,0.01
1934,9981368,2199,,711,20230812,2023-08-12,4,793.06,0.02
1962,9981396,3131,279,841,20230516,2023-05-16,2,304.27,0.42
1997,9981431,2548,,315,20230428,2023-04-28,5,292.08,0.19
21,11930,2565,399,533,20200720,2020-07-20,6,244.36,0.01
33,1298492,2201,,592,20230824,2023-08-24,5,961.13,0.38
49,1443141,2347,,32,20230820,2023-08-20,9,823.12,0.32
66,1651024,2711,,795,20231004,2023-10-04,4,369.16,0.19
68,1700500,2875,,25,20221027,2022-10-27,7,56.19,0.13
77,176272,2524,870,522,20210801,2021-08-01,6,392.08,0.33
93,1917076,2735,,478,20221025,2022-10-25,3,44.21,0.16
102,2020971,2744,,24,20220611,2022-06-11,3,362.37,0.36
104,203261,2385,387,652,20200414,2020-04-14,4,10.3,0.12
174,2677309,2486,,703,20220205,2022-02-05,9,536.11,0.45
184,275469,2584,31,770,20200427,2020-04-27,9,113.36,0.32
188,2764403,2961,,572,20230514,2023-05-14,8,181.07,0.17
189,2785206,2512,,330,20220524,2022-05-24,5,645.55,0.09
229,313479,2599,534,532,20210403,2021-04-03,7,488.57,0.09
232,3145707,2966,,834,20231120,2023-11-20,7,193.05,0.35
233,3168278,2805,,85,20230425,2023-04-25,10,680.19,0.21
237,321956,2103,434,395,20200310,2020-03-10,4,612.28,0.1
239,3223278,2837,,512,20220924,2022-09-24,5,396.09,0.22
242,325497,3097,183,36,20200129,2020-01-29,1,679.18,0.16
275,359740,2224,187,162,20211130,2021-11-30,1,736.13,0.46
286,3718127,2378,,300,20221129,2022-11-29,3,960.45,0
316,395957,2247,663,311,20201121,2020-11-21,4,81.25,0.29
318,399976,2439,22,542,20201030,2020-10-30,6,159.01,0.28
324,40520,2227,662,454,20210403,2021-04-03,2,826.72,0.47
343,4187734,2272,,505,20221202,2022-12-02,6,853.91,0.11
345,4202647,2871,,62,20230624,2023-06-24,5,661.49,0.35
354,430896,2332,587,125,20200414,2020-04-14,6,264.1,0.41
375,452113,2294,585,335,20210930,2021-09-30,7,269.37,0.44
380,4558281,2532,521,113,20230109,2023-01-09,1,769.85,0
381,4561197,2995,,69,20220405,2022-04-05,3,781.98,0.16
406,481654,2347,515,181,20210209,2021-02-09,5,87.02,0.44
418,494142,2437,804,324,20210821,2021-08-21,3,17.04,0.02
429,4985062,2281,,611,20221127,2022-11-27,7,64.14,0.1
443,5072146,2303,,363,20220210,2022-02-10,8,261.67,0.33
452,5130242,2295,,617,20221111,2022-11-11,6,199.93,0.35
474,5295135,2426,,774,20220707,2022-07-07,2,505.8,0.36
494,5505063,2187,,201,20230720,2023-07-20,2,137.89,0.38
508,5605616,2458,,38,20220322,2022-03-22,8,658.19,0.1
513,561782,2351,854,610,20210730,2021-07-30,5,678.6,0.44
537,575073,3075,323,558,20200112,2020-01-12,2,314.24,0.06
569,6034336,2578,,603,20230104,2023-01-04,7,549.92,0.49
583,616037,2200,6,448,20210214,2021-02-14,2,618.24,0.4
598,627102,2278,70,647,20210730,2021-07-30,5,698.63,0.16
619,64549,2526,77,63,20200924,2020-09-24,8,349.45,0.46
626,650330,2560,205,57,20200221,2020-02-21,1,234.77,0.04
634,662868,2254,664,838,20200204,2020-02-04,4,650.31,0.42
639,665812,2246,582,257,20200901,2020-09-01,8,928.48,0.32
707,727750,2313,263,173,20200205,2020-02-05,8,461.46,0.01
710,7289755,2819,,164,20230620,2023-06-20,3,571.1,0.45
723,7393906,3121,,448,20230408,2023-04-08,2,913.31,0.21
735,75298,2457,141,425,20200119,2020-01-19,1,528.81,0.09
751,765484,2575,653,749,20200716,2020-07-16,8,719.79,0.13
764,77608,2455,862,500,20210416,2021-04-16,9,90.11,0.21
770,783852,2359,17,622,20200803,2020-08-03,9,939.68,0.32
775,789333,2211,512,360,20200527,2020-05-27,8,166.6,0.28
823,834583,2395,799,490,20200721,2020-07-21,2,370.48,0.33
842,8484288,2165,,490,,,8,624.83,0.17
852,8536906,3044,,759,20230629,2023-06-29,1,646.45,0.16
860,8635656,2842,,507,20231102,2023-11-02,6,978.02,0.1
877,887824,2404,801,525,20210422,2021-04-22,3,673.81,0.24
926,9274701,2305,,158,20230518,2023-05-18,8,524.57,0.08
961,960971,2433,199,543,20211124,2021-11-24,4,785.9,0.44
963,965251,2697,714,26,20210629,2021-06-29,2,376.96,0.15
964,9670485,2669,,785,20230514,2023-05-14,5,675.61,0.41
965,968062,2473,453,498,20200914,2020-09-14,6,578.25,0.22
988,992480,2574,80,94,20200906,2020-09-06,4,373.16,0.47
1051,9980485,2799,,740,20220104,2022-01-04,1,993.34,0.29
1066,9980500,2360,,41,20230218,2023-02-18,8,10.58,0.36
1073,9980507,2798,,392,20230210,2023-02-10,6,448.02,0.23
1088,9980522,2217,,609,20220318,2022-03-18,3,0,0
1155,9980589,2628,,772,20231019,2023-10-19,9,902.02,0.01
1165,9980599,3111,,794,20220102,2022-01-02,4,882.9,0
1183,9980617,2240,,458,20230704,2023-07-04,9,468.27,0.03
1188,9980622,2720,,793,20220913,2022-09-13,5,429.13,0.32
1193,9980627,2235,,263,20231004,2023-10-04,7,484.28,0.38
1198,9980632,2221,,319,20221007,2022-10-07,10,0,0.41
1224,9980658,2176,,295,20230413,2023-04-13,7,172.19,0.03
1228,9980662,2436,,61,20230929,2023-09-29,8,200.58,0.1
1231,9980665,2472,,606,20230913,2023-09-13,4,66.03,0.18
1252,9980686,2778,,859,20220515,2022-05-15,5,83.4,0.16
1271,9980705,2401,,715,20230510,2023-05-10,8,124.82,0.34
1274,9980708,2249,,150,20221117,2022-11-17,1,463.31,0.27
1282,9980716,2694,,29,20230606,2023-06-06,3,0,0.39
1285,9980719,2554,,835,20230615,2023-06-15,1,317.85,0.08
1313,9980747,2526,,544,20230531,2023-05-31,9,868.65,0.05
1321,9980755,2773,,605,20220730,2022-07-30,6,95.76,0.41
1384,9980818,2604,,726,20221003,2022-10-03,5,498.45,0.15
1405,9980839,3121,,175,20230613,2023-06-13,8,594.65,0.07
1416,9980850,2668,,807,20230309,2023-03-09,4,552.71,0.18
1427,9980861,2657,,258,20230817,2023-08-17,1,980.39,0.31
1451,9980885,2365,,704,20231020,2023-10-20,7,541.09,0.29
1452,9980886,2899,,89,20230914,2023-09-14,6,315.17,0.02
1478,9980912,2461,,685,20220125,2022-01-25,8,493.16,0.42
1483,9980917,2233,,542,20221013,2022-10-13,3,940.47,0.04
1563,9980997,2997,,469,20230702,2023-07-02,4,556.1,0.07
1584,9981018,2394,,222,20230223,2023-02-23,4,0,0.34
1633,9981067,3115,,310,20220329,2022-03-29,1,384.91,0.04
1640,9981074,3003,,715,20230811,2023-08-11,3,779.91,0.34
1694,9981128,2194,,809,20230418,2023-04-18,8,187.91,0.42
1724,9981158,2803,,311,20221013,2022-10-13,10,154.04,0
1725,9981159,2661,,439,20220317,2022-03-17,4,702.54,0.49
1782,9981216,2206,,111,20230213,2023-02-13,7,119.82,0.2
1808,9981242,2599,,155,20230417,2023-04-17,8,467.31,0.44
1809,9981243,3046,,415,20230122,2023-01-22,4,698.18,0.19
1812,9981246,3120,,823,20230529,2023-05-29,8,58.41,0.39
1821,9981255,2533,,697,20220407,2022-04-07,5,322.09,0.21
1822,9981256,3076,,507,20231210,2023-12-10,6,672.26,0.38
1825,9981259,2960,390,210,20221204,2022-12-04,10,847.56,0.42
1833,9981267,2388,,358,20220127,2022-01-27,9,479.67,0.36
1851,9981285,2176,,308,20220621,2022-06-21,5,553.22,0.16
1894,9981328,2815,,591,20230921,2023-09-21,4,823.85,0.1
1907,9981341,2480,,396,,,5,970.25,0.45
1913,9981347,2422,,70,20220509,2022-05-09,10,303.45,0.44
1925,9981359,2137,,466,20230511,2023-05-11,3,696.27,0.46
1930,9981364,3145,,611,20230719,2023-07-19,6,355.71,0.48
1935,9981369,3061,,502,20221211,2022-12-11,10,452.25,0.31
1949,9981383,2853,215,570,20220316,2022-03-16,4,76.15,0.29
1954,9981388,2937,,15,20231021,2023-10-21,6,520.58,0.14
1973,9981407,2459,,36,20230918,2023-09-18,6,50.81,0
1986,9981420,2487,,542,20230421,2023-04-21,3,351.1,0